scene,method,dimensions,repeat,contributing_rows,valid_rows,positive_similarity,positive_similarity_std,positive_similarity_count,negative_similarity,negative_similarity_std,negative_similarity_count,similarity_gap,similarity_gap_std,similarity_gap_count,retrieval_voxel_hit,retrieval_voxel_hit_std,retrieval_voxel_hit_count,retrieval_hit_distance,retrieval_hit_distance_std,retrieval_hit_distance_count,retrieval_world_error_mean,retrieval_world_error_mean_std,retrieval_world_error_mean_count,retrieval_world_error_median,retrieval_world_error_median_std,retrieval_world_error_median_count,status,scope
scene0707_00,ablation_iterative,128,0,31,31,0.8149952369351541,0.05243995212925339,31,0.5832706897005974,0.05396905175302752,31,0.23172454723455665,0.04921048898162712,31,0.44131683617716805,0.14589597492302328,31,0.6501489634964137,0.15821289974355832,31,0.15200181732153342,0.09009208218023211,31,0.08110948423704793,0.03891029163735834,31,ok,all_pairs
scene0707_00,ablation_iterative,256,0,31,31,0.8441005906751079,0.03859144655701289,31,0.6325138769772738,0.05272474982779507,31,0.21158671369783433,0.04764718047900915,31,0.45106591163476495,0.14809451853300543,31,0.6644985048423043,0.15715767492372085,31,0.1397363960728295,0.07689989416101295,31,0.07702929382362673,0.030121553311502968,31,ok,all_pairs
scene0707_00,ablation_iterative,384,0,31,31,0.8492080857676845,0.03659192017383967,31,0.6611862681234716,0.04584119071975851,31,0.18802181764421289,0.043089132444525884,31,0.45317172439046954,0.1441166369010398,31,0.657612444589469,0.15531853530887235,31,0.1360801938066439,0.0688190484894643,31,0.07677234877501765,0.03188199326531465,31,ok,all_pairs
scene0707_00,ablation_iterative,512,0,31,31,0.8569656437443148,0.03410264352196552,31,0.6859131326019198,0.04266916109613233,31,0.17105251114239522,0.04032308635083055,31,0.45236773802312513,0.1399906661285059,31,0.6579378729437875,0.1511546683733242,31,0.13450458684080155,0.06078541812666236,31,0.07631371470709,0.028197332520138365,31,ok,all_pairs
scene0707_00,ablation_iterative,768,0,31,31,0.866234460184651,0.036052073019154696,31,0.714916482576945,0.039488037629381724,31,0.15131797760770618,0.03437342472862932,31,0.44043859861573226,0.14523667262809403,31,0.637061682283112,0.15824645927933603,31,0.13935959768207037,0.06137686438231101,31,0.07974742569269673,0.031130595590473112,31,ok,all_pairs
scene0707_00,ablation_iterative,1024,0,31,31,0.858754083033531,0.03723512070751202,31,0.6923500313475307,0.04025910862705797,31,0.166404051686,0.038620276089039396,31,0.4323299213239403,0.14778238831556698,31,0.6324017128643394,0.15572382721455488,31,0.14228313047561353,0.06454314165755508,31,0.0805084036002236,0.03034319135711504,31,ok,all_pairs
scene0707_00,ablation_once,128,0,31,31,0.8563741176359115,0.042687531827773746,31,0.7068080994252736,0.04773897209791531,31,0.14956601821063772,0.03663478127354031,31,0.3101321105273712,0.12450628048239787,31,0.4686264186831999,0.13620673793811305,31,0.23208402338604564,0.10799030839941602,31,0.13414022963373892,0.07342098593514992,31,ok,all_pairs
scene0707_00,ablation_once,256,0,31,31,0.8489054883680036,0.04241055139720768,31,0.6868003901492622,0.04601540072313108,31,0.1621050982187414,0.03791048531483326,31,0.3817447258764169,0.1420050986338246,31,0.5618253854397207,0.15610181585953914,31,0.17588026240238952,0.0845853362513278,31,0.10021101010422553,0.054137292415182905,31,ok,all_pairs
scene0707_00,ablation_once,384,0,31,31,0.8558084157205397,0.04151714592773212,31,0.6846951244707179,0.045300784391942676,31,0.1711132912498217,0.03962272133735984,31,0.4065419189624745,0.14089663617734544,31,0.59276059994806,0.1502161546014842,31,0.16026196748889363,0.07233121452093529,31,0.09110419524292793,0.042135973550099494,31,ok,all_pairs
scene0707_00,ablation_once,512,0,31,31,0.857616662979126,0.04027224194272035,31,0.6892772361707147,0.042709484751248,31,0.16833942680841138,0.03796050137828554,31,0.4219509329100719,0.14016290792683087,31,0.6129025746933842,0.15038623793847583,31,0.15403858653056138,0.07412646321464404,31,0.08814405577798043,0.04086338491560374,31,ok,all_pairs
scene0707_00,ablation_once,768,0,31,31,0.8495394837471747,0.0403838431321301,31,0.6691946076883103,0.04518305476131052,31,0.1803448760588643,0.04160757492143738,31,0.4359105202732984,0.1458372954799539,31,0.6356634981432642,0.1545000315163141,31,0.13932079998153526,0.06375318197081944,31,0.0815837805069262,0.03240824610551752,31,ok,all_pairs
scene0707_00,ablation_once,1024,0,31,31,0.858754083033531,0.03723512070751202,31,0.6923500313475307,0.04025910862705797,31,0.166404051686,0.038620276089039396,31,0.4323299213239403,0.14778238831556698,31,0.6324017128643394,0.15572382721455488,31,0.14228313047561353,0.06454314165755508,31,0.0805084036002236,0.03034319135711504,31,ok,all_pairs
scene0707_00,centered_full,1536,0,31,31,0.66422902576385,0.0910347300137225,31,0.2701241386129328,0.10815228549863559,31,0.39410488715091735,0.1156107802117302,31,0.3933650824343838,0.13062867876688172,31,0.5842066606914952,0.14413783307962633,31,0.1701543821470935,0.07396676702104886,31,0.09355831398598609,0.04272375561948068,31,ok,all_pairs
scene0707_00,original,1536,0,31,31,0.9749662703083407,0.007251047620462143,31,0.9420962895530969,0.008585593449666752,31,0.03286998075524381,0.009135407461608151,31,0.38957034775619986,0.12856505172869648,31,0.5873621275821705,0.14586905707327089,31,0.16849439131753824,0.07877254349833734,31,0.09205642438703968,0.04376058412363084,31,ok,all_pairs
scene0707_00,pca,128,0,31,31,0.7181657398900678,0.09801667171179322,31,0.30117686073647,0.12166493166653447,31,0.4169888791535979,0.1297874006012022,31,0.35095132329529916,0.13596888802017443,31,0.5321172535336036,0.15687187195537816,31,0.1923151089786769,0.08409211198097691,31,0.1087005270584937,0.04906312320321802,31,ok,all_pairs
scene0707_00,pca,256,0,31,31,0.6887771708350028,0.09388408350062287,31,0.28427008357224703,0.1155373107679659,31,0.40450708726275575,0.12263061799023481,31,0.3723631009718477,0.12914791946935034,31,0.5550846305360781,0.15099568811281627,31,0.1821733331368329,0.07898600247652855,31,0.10344122506437763,0.047389095602881966,31,ok,all_pairs
scene0707_00,pca,384,0,31,31,0.6799732850443932,0.09273614861760118,31,0.2787231322869618,0.1129299930955379,31,0.4012501527574313,0.12007652798639529,31,0.3830964343974157,0.129578905535484,31,0.5692204989663666,0.14504297812821465,31,0.17726920901293033,0.07722289020404753,31,0.09943423756668644,0.04566842361358768,31,ok,all_pairs
scene0707_00,pca,512,0,31,31,0.6749305571279218,0.09205343284958681,31,0.2758486763255862,0.11142172375076516,31,0.3990818808023356,0.11864559381555777,31,0.3849899725141306,0.12997303074078242,31,0.5739506467681972,0.14527985868624166,31,0.17505224398538655,0.07670494558624828,31,0.09854627076175905,0.04533528655730544,31,ok,all_pairs
scene0707_00,pca,768,0,31,31,0.6693694130066903,0.09141562779249933,31,0.27280233897295286,0.1097521262248221,31,0.39656707403373737,0.11705235154002393,31,0.3891396918978702,0.13148750650577665,31,0.5798472304180395,0.1448982052526774,31,0.17149209466035922,0.07457831876568378,31,0.09497607331122121,0.0432375068757974,31,ok,all_pairs
scene0707_00,pca,1024,0,31,31,0.6665922605222271,0.09120727750139597,31,0.27138949758987074,0.10889564152067445,31,0.3952027629323564,0.11625482013888952,31,0.39095408334330284,0.13085932549216495,31,0.5814998261599277,0.14364487300276607,31,0.17092505517509154,0.07408864544356669,31,0.09430733226960705,0.0425100313985784,31,ok,all_pairs
scene0707_00,random,128,42,31,31,0.8912025170941507,0.04753737944453927,31,0.7415768254206043,0.05744178546343598,31,0.14962569167354645,0.041113778031698515,31,0.3538338153975113,0.13267153077284713,31,0.5368439859034881,0.15885837733469835,31,0.18522661645214245,0.08473389784686595,31,0.10856242850422859,0.05618634258730634,31,ok,all_pairs
scene0707_00,random,128,43,31,31,0.8688547822736925,0.03257449067799861,31,0.7105852502240634,0.04413794511189553,31,0.15826953204962918,0.04301304426613807,31,0.36060660375056275,0.14383163767378437,31,0.5352046882192822,0.15407707865108172,31,0.19130049337874877,0.08137566186218116,31,0.11100708008293182,0.06001056645875088,31,ok,all_pairs
scene0707_00,random,128,44,31,31,0.9026766823184106,0.03238882452267458,31,0.7622948885308356,0.03747303965616697,31,0.14038179378757504,0.03787958476152436,31,0.319754027082116,0.12108455680760638,31,0.4962134968433035,0.15361663300501943,31,0.2131120789553414,0.09931333304421074,31,0.12723512815371638,0.07419753134816087,31,ok,all_pairs
scene0707_00,random,128,45,31,31,0.8947106445989301,0.030893707149091273,31,0.756848732158248,0.03636498017416872,31,0.13786191244068202,0.039587570260464965,31,0.33604115131405304,0.11969205619596811,31,0.5099453290051458,0.1339806863563789,31,0.19644161215533748,0.07707261671039355,31,0.1137757443131939,0.05465200276700646,31,ok,all_pairs
scene0707_00,random,128,46,31,31,0.851920489341982,0.040461544466545124,31,0.6943350814178983,0.04336193020696056,31,0.15758540792408363,0.03763712637684154,31,0.34673287199605685,0.12331885323083755,31,0.5185424275544135,0.1444547485254419,31,0.195888726533315,0.08573101909487307,31,0.11191518640806598,0.05747186638601677,31,ok,all_pairs
scene0707_00,random,256,42,31,31,0.8858689319702887,0.04599122438690888,31,0.7353413705190041,0.059564907643163495,31,0.15052756145128462,0.042684028865111974,31,0.38741771773786327,0.13515709764696854,31,0.5766064001834713,0.14794332592208254,31,0.16651898266749168,0.07231268284872631,31,0.09339796475345089,0.03875251191860794,31,ok,all_pairs
scene0707_00,random,256,43,31,31,0.9039887497501988,0.03771650307683369,31,0.7760512210543562,0.041770689377164674,31,0.12793752869584263,0.036217892105509776,31,0.36650042293037965,0.1320302031343708,31,0.5493269958084729,0.1532132441125263,31,0.1823699960121446,0.08236576882029695,31,0.10265355064503608,0.04754078668848761,31,ok,all_pairs
scene0707_00,random,256,44,31,31,0.8861572607871024,0.03940582506938911,31,0.7440046169588962,0.037197186999425084,31,0.14215264382820628,0.03591089030963697,31,0.3509923694485813,0.1306269100740699,31,0.5349363126135709,0.15970724989607196,31,0.20049714407964833,0.09848148234161933,31,0.11286797098094417,0.06620182466250266,31,ok,all_pairs
scene0707_00,random,256,45,31,31,0.9031357399878963,0.03309086932831894,31,0.7699346704733558,0.036370403762964194,31,0.1332010695145405,0.03528055819697138,31,0.36678826489670757,0.12836741712526165,31,0.5533493696613839,0.14699590596287979,31,0.17345421461782073,0.0744860243789813,31,0.10235263082769609,0.04750983255700955,31,ok,all_pairs
scene0707_00,random,256,46,31,31,0.8732961454699116,0.035936766073120845,31,0.7271853346777336,0.040190346908963226,31,0.14611081079217794,0.03713687056624981,31,0.37939373361801143,0.13022260370868113,31,0.573601549371927,0.1456629854099915,31,0.16671490354076063,0.07177125705022822,31,0.09945345633933621,0.04660219430458627,31,ok,all_pairs
scene0707_00,random,384,42,31,31,0.8864369238576582,0.04112920914946675,31,0.7480211786089029,0.047141946901146266,31,0.13841574524875513,0.034724256808826424,31,0.3894856073961229,0.1375410014236915,31,0.5791484319144112,0.15140028203860975,31,0.16521795681992033,0.07086395866185409,31,0.0927287477158731,0.041160771845490975,31,ok,all_pairs
scene0707_00,random,384,43,31,31,0.8937992107483649,0.0424255582144882,31,0.7589661365815294,0.0489362286167522,31,0.1348330741668354,0.036732708095437966,31,0.37582798567172226,0.13662834222843478,31,0.5586486710093254,0.1598457979329429,31,0.17390041931359426,0.07740184043925376,31,0.10010676158051338,0.04506347493346669,31,ok,all_pairs
scene0707_00,random,384,44,31,31,0.9920850376929006,0.0024401897697476143,31,0.980561323701626,0.003262556978907744,31,0.011523713991274501,0.003416949976393797,31,0.3585671798172956,0.1302119299079602,31,0.541862324859558,0.15854019392635768,31,0.19040472509513479,0.08489488299822061,31,0.10865318414665037,0.05550845852447655,31,ok,all_pairs
scene0707_00,random,384,45,31,31,0.992511470471659,0.0020156879145904775,31,0.9821161711930844,0.002528567893524151,31,0.01039529927857455,0.002776355015896431,31,0.35919052144848024,0.12918738343186376,31,0.5422329721786354,0.1477528074714932,31,0.18613878061703004,0.07914646072482992,31,0.10612665621503707,0.05076100464314835,31,ok,all_pairs
scene0707_00,random,384,46,31,31,0.870743086261134,0.03518886783046447,31,0.7256937711005305,0.03907033591868085,31,0.14504931516060357,0.036734427504340514,31,0.3793135062562615,0.1339408711479833,31,0.5668849010564176,0.14867973005184285,31,0.16819921267975013,0.07200879562051982,31,0.09983780114881453,0.0488579033844419,31,ok,all_pairs
scene0707_00,random,512,42,31,31,0.878134714018914,0.04356446844625758,31,0.7374525152173506,0.04730696296439247,31,0.1406821988015634,0.03455864178918199,31,0.39241362130436663,0.13136110697027367,31,0.5824859634318191,0.15114866689807482,31,0.16539890670678858,0.07558204010767001,31,0.0916364093221003,0.04211182812515625,31,ok,all_pairs
scene0707_00,random,512,43,31,31,0.8911588211213389,0.0437384998789667,31,0.7539255219209892,0.05068993046386949,31,0.13723329920034982,0.03749566385261608,31,0.3912544034991892,0.1410223503137438,31,0.577504845890171,0.1566946761696149,31,0.1651106754953901,0.07338235865223511,31,0.0943861618157356,0.038657369245473965,31,ok,all_pairs
scene0707_00,random,512,44,31,31,0.9901818267760738,0.002846139443656252,31,0.9766122471891309,0.003701214408090744,31,0.013569579586943098,0.0038374194284893325,31,0.36928370506809505,0.13323080796547185,31,0.557437478766884,0.15770321896773648,31,0.18278865314931725,0.08710431889146285,31,0.1030763471799512,0.05038588553926204,31,ok,all_pairs
scene0707_00,random,512,45,31,31,0.9903880684606491,0.0025365424963707953,31,0.9778233743791404,0.002983660920459773,31,0.012564694081508654,0.003172729321811807,31,0.3734712281897195,0.12901250524680788,31,0.5563935270955599,0.1513793994957694,31,0.17543001435805022,0.07678227191173179,31,0.10109133501687358,0.05188583442496852,31,ok,all_pairs
scene0707_00,random,512,46,31,31,0.8707717657089233,0.0418914271407963,31,0.7153865187291879,0.045438996919881666,31,0.15538524697973533,0.04239421216328019,31,0.38616936486431735,0.12490900989487914,31,0.5771545300651575,0.13779299946350881,31,0.16526823797648812,0.0716682296272005,31,0.09542863311306123,0.045379896753124975,31,ok,all_pairs
scene0707_00,random,768,42,31,31,0.8699368584540582,0.04095007981362663,31,0.7213713948784775,0.04331408431327309,31,0.14856546357558081,0.03467143847024273,31,0.40712664277540817,0.13903628431996817,31,0.5991262116168924,0.15119625623764094,31,0.15649742809592343,0.07088327129431186,31,0.09043053381385342,0.04082503328138403,31,ok,all_pairs
scene0707_00,random,768,43,31,31,0.8815067910378979,0.046251895778442,31,0.727591902337762,0.05271878326553358,31,0.15391488870013573,0.044144006566887495,31,0.39096820078465144,0.13448594486015814,31,0.5831171679041338,0.1476579299177232,31,0.16065698505056475,0.06200032049632844,31,0.09246973332858854,0.03560852680440555,31,ok,all_pairs
scene0707_00,random,768,44,31,31,0.9858796365799443,0.004101121983391801,31,0.9664983248939986,0.0050987256764322446,31,0.01938131168594564,0.005404977225355149,31,0.37733719306799335,0.12892297518409307,31,0.5657668310311441,0.15417196873144773,31,0.18012731025331646,0.08609827017892532,31,0.1026332812203515,0.05130986915781618,31,ok,all_pairs
scene0707_00,random,768,45,31,31,0.9860523708405033,0.0037543258217560965,31,0.9675015614839432,0.004468808138542168,31,0.01855080935656011,0.00481751539401992,31,0.38541524257349763,0.13461879417311295,31,0.5774515345875079,0.14789919854159086,31,0.1706975751986887,0.07963341073952634,31,0.09530969769243271,0.043449289974864046,31,ok,all_pairs
scene0707_00,random,768,46,31,31,0.9859981229228358,0.003866739224511498,31,0.9686594441125362,0.004589324021638831,31,0.017338678810299445,0.004844660753262732,31,0.3840885329042188,0.13584329930615555,31,0.5775602862129445,0.14740097414058112,31,0.17086580125554465,0.07524686972348504,31,0.09728532584924851,0.04936067368304442,31,ok,all_pairs
scene0707_00,random,1024,42,31,31,0.8781230949586437,0.03878546940521048,31,0.7288794723090003,0.040196343107648295,31,0.14924362264964344,0.03559012599539191,31,0.41209250839682154,0.13655459727579058,31,0.6044367818377447,0.146470683874746,31,0.15342149681802944,0.06933398390348965,31,0.08910426016776793,0.04144800148571596,31,ok,all_pairs
scene0707_00,random,1024,43,31,31,0.8805077864277747,0.044287625145413546,31,0.7263984828069205,0.04891938621332219,31,0.15410930362085423,0.04120195974333914,31,0.39810430694584537,0.13249976055932966,31,0.596014204986881,0.13963258243687565,31,0.15880169009786965,0.06545525571798448,31,0.08745040432099373,0.035935814688975706,31,ok,all_pairs
scene0707_00,random,1024,44,31,31,0.9821066837156972,0.005008647754233654,31,0.9587322262895492,0.005955733546976962,31,0.023374457426147945,0.006253330170576689,31,0.3848162958465605,0.13378880539583557,31,0.5803984877360446,0.15340385429575892,31,0.17439781705575405,0.08301453405839726,31,0.09754337803010017,0.04956464799703791,31,ok,all_pairs
scene0707_00,random,1024,45,31,31,0.9821815471495351,0.004917223776111758,31,0.9583603784985268,0.006092406575290924,31,0.023821168651008376,0.006578349247179662,31,0.3848699869520214,0.13326374217323106,31,0.5795445439969694,0.1403260832504784,31,0.1703775091461948,0.07900905973518906,31,0.09207263853280775,0.04152602213370191,31,ok,all_pairs
scene0707_00,random,1024,46,31,31,0.9821334423557404,0.005074714735375122,31,0.959408678269051,0.005963404507535033,31,0.022724764086689653,0.006333784024197689,31,0.38903492126941003,0.1292838567940274,31,0.583005568673548,0.13976927956694232,31,0.16958427456735412,0.07717975781370605,31,0.09363118162558924,0.043268423891589705,31,ok,all_pairs
scene0708_00,ablation_iterative,128,0,31,31,0.7596161327054424,0.0679454838679499,31,0.5054393274370251,0.048747504585013035,31,0.2541768052684174,0.06431072486620615,31,0.4361051047358207,0.18527745956117492,31,0.49571853308550373,0.18024372232986707,31,0.2858322498596992,0.1883882450095873,31,0.15902749941714348,0.15909708791010702,31,ok,all_pairs
scene0708_00,ablation_iterative,256,0,31,31,0.7806987531723515,0.05953772210643944,31,0.548623372712653,0.04101641544893457,31,0.2320753804596985,0.05651468338073009,31,0.47901179075473876,0.17224187856163792,31,0.5356421079005422,0.17536791653275402,31,0.2500313321939975,0.1613060497221457,31,0.13363552868606582,0.1322277037923356,31,ok,all_pairs
scene0708_00,ablation_iterative,384,0,31,31,0.7878583188979856,0.056571425855476254,31,0.5658253443424127,0.035983546170466445,31,0.2220329745555729,0.05327572680852514,31,0.47278334021882373,0.17268312895101715,31,0.5317004182018339,0.1698554402620643,31,0.25292303843625064,0.1671421145199196,31,0.13627685714633234,0.14458195194099788,31,ok,all_pairs
scene0708_00,ablation_iterative,512,0,31,31,0.8252016113650414,0.04700880739503903,31,0.6466776137223512,0.03122833012848907,31,0.1785239976426901,0.040406871055613997,31,0.4696367731175104,0.1741532128767716,31,0.5272068422170911,0.17644938753035852,31,0.24999949552845882,0.16860047385928575,31,0.13725290074944496,0.14327620137569394,31,ok,all_pairs
scene0708_00,ablation_iterative,768,0,31,31,0.8404199058009733,0.049135209833921875,31,0.6871729105174268,0.037016404116551486,31,0.1532469952835462,0.03419865868199585,31,0.45051474062434754,0.19233137128664002,31,0.5161039923223746,0.19223712860917455,31,0.2642842437754092,0.1851424058641121,31,0.1618886901245963,0.18028964377641615,31,ok,all_pairs
scene0708_00,ablation_iterative,1024,0,31,31,0.8525251784632283,0.04758387729167759,31,0.7152022621195411,0.038252937140276624,31,0.13732291634368712,0.03186387200809909,31,0.42086461057867364,0.1839176737137948,31,0.48817433640964014,0.18887659099701157,31,0.28266804835541287,0.1754449290122307,31,0.17174649166484032,0.14819509136624068,31,ok,all_pairs
scene0708_00,ablation_once,128,0,31,31,0.8337851820453521,0.0614291692482851,31,0.6939634950405541,0.061627978525669674,31,0.13982168700479786,0.038279440413393526,31,0.3188144026553259,0.16096026259239116,31,0.36854079062152784,0.16171213913137078,31,0.3990883254641644,0.23788948329993112,31,0.2749969167334418,0.22742615198228758,31,ok,all_pairs
scene0708_00,ablation_once,256,0,31,31,0.8227970677037393,0.060642657785288594,31,0.6584024995719233,0.056993489939362235,31,0.1643945681318159,0.04319220948435428,31,0.3751051045690668,0.1743686519471431,31,0.4296376237046387,0.1856973563534242,31,0.32245861729017244,0.18619005685425147,31,0.2045891683909201,0.1732152208151637,31,ok,all_pairs
scene0708_00,ablation_once,384,0,31,31,0.8451476635471467,0.053668028992713154,31,0.6990437411974294,0.04718911308544766,31,0.1461039223497171,0.035396128937656694,31,0.40679994952597626,0.17653249819594669,31,0.4641965251928901,0.1802992445895551,31,0.29577818315735904,0.16467048294280728,31,0.1739792299847449,0.1418299351932231,31,ok,all_pairs
scene0708_00,ablation_once,512,0,31,31,0.8484646274197486,0.05080505261231832,31,0.705105309523335,0.0437214811900827,31,0.14335931789641368,0.03363702610286496,31,0.41832455009513125,0.1859474338880375,31,0.47353507055816013,0.19169157588699987,31,0.2869652937368476,0.1681639104618838,31,0.17924186707504333,0.16479264846595923,31,ok,all_pairs
scene0708_00,ablation_once,768,0,31,31,0.8424267884223692,0.053156171071373555,31,0.6929692273136128,0.0448357160166957,31,0.1494575611087564,0.034388644079908194,31,0.4256312687229584,0.19175286125477903,31,0.4875568878989218,0.19637198530472105,31,0.2840850575375652,0.17994733987813405,31,0.17559826926838967,0.15007522042573337,31,ok,all_pairs
scene0708_00,ablation_once,1024,0,31,31,0.8525251784632283,0.04758387729167759,31,0.7152022621195411,0.038252937140276624,31,0.13732291634368712,0.03186387200809909,31,0.42086461057867364,0.1839176737137948,31,0.48817433640964014,0.18887659099701157,31,0.28266804835541287,0.1754449290122307,31,0.17174649166484032,0.14819509136624068,31,ok,all_pairs
scene0708_00,centered_full,1536,0,31,31,0.683873942782802,0.121918091548887,31,0.3971175849985962,0.15354895889767162,31,0.2867563577842058,0.0974106374604995,31,0.38209419796348065,0.19342396706053103,31,0.4432827474345238,0.19497623666893377,31,0.33669182195577746,0.22381676142027307,31,0.20212337518891982,0.18215979711791092,31,ok,all_pairs
scene0708_00,original,1536,0,31,31,0.9711944806960321,0.010186446316122309,31,0.9427711645919093,0.010552617849443289,31,0.0284233161041228,0.008513962319835745,31,0.3762558591446687,0.17052260722722745,31,0.43760550228729833,0.1772267814904418,31,0.3328891830713325,0.20967380214271167,31,0.2148687809465393,0.18501221610046706,31,ok,all_pairs
scene0708_00,pca,128,0,31,31,0.7356092006929459,0.13059118435420194,31,0.44518538307546207,0.17495889694617736,31,0.2904238176174838,0.11047515861666436,31,0.33530621228945895,0.18600137852171134,31,0.3863593834127416,0.18638942289335902,31,0.3954260507326868,0.2625931519078348,31,0.29488405242802634,0.3166854920987943,31,ok,all_pairs
scene0708_00,pca,256,0,31,31,0.7077163371347612,0.12628090302160994,31,0.4209930714264944,0.16569751227302665,31,0.2867232657082668,0.10396310534682479,31,0.35502750522010273,0.17929395780417312,31,0.40991389543287865,0.1810735927996106,31,0.3712180902701851,0.24425074408507588,31,0.2522792524147418,0.25351994808945943,31,ok,all_pairs
scene0708_00,pca,384,0,31,31,0.6993656283424746,0.12465087251745195,31,0.41249531593831346,0.16158512545533196,31,0.28687031240416117,0.10160850067249494,31,0.3659269821507245,0.18933072867581277,31,0.4250097938681536,0.19242011456958355,31,0.35903503638508955,0.24148474589852453,31,0.2451829942724397,0.2507632367053619,31,ok,all_pairs
scene0708_00,pca,512,0,31,31,0.6944797202464073,0.12383359452338782,31,0.40753931233079743,0.15905092611354593,31,0.2869404079156099,0.10022200118687723,31,0.3742258209458473,0.18979493393800476,31,0.433542917424943,0.1908518629050934,31,0.3512918847567332,0.23534691262344246,31,0.23866247505910934,0.24763167542563674,31,ok,all_pairs
scene0708_00,pca,768,0,31,31,0.6889913495509855,0.12281484829275272,31,0.40227098677902623,0.1563806018240158,31,0.2867203627719593,0.0987877192911781,31,0.37807254709216614,0.19206273755332853,31,0.4383730850239116,0.1938588365433659,31,0.34370240983135864,0.22690411410078903,31,0.21118104578025879,0.18968721426387075,31,ok,all_pairs
scene0708_00,pca,1024,0,31,31,0.6861850667384363,0.12232104150441435,31,0.3995163155813831,0.15490640829428892,31,0.28666875115705326,0.0980749326234196,31,0.3776629387130938,0.19136647056874856,31,0.43942752505049637,0.19353500113967548,31,0.34212966667607503,0.22905130213228764,31,0.2127809933116359,0.19330996703300715,31,ok,all_pairs
scene0708_00,random,128,42,31,31,0.8925813897963493,0.04878689360149302,31,0.7722263858073934,0.05987303044498354,31,0.12035500398895574,0.036944748125708186,31,0.3418395838923574,0.1649747504547114,31,0.40152987142605895,0.17461940061395148,31,0.3552335696439627,0.20028019960891322,31,0.22064247961726882,0.17880839077059446,31,ok,all_pairs
scene0708_00,random,128,43,31,31,0.8577308058738708,0.04083083625496043,31,0.7297482819058498,0.03140758970653505,31,0.12798252396802107,0.03126672966011,31,0.34675743917262053,0.15143824117589152,31,0.39352154158361047,0.1542660448253367,31,0.38629664838804023,0.21777975046529274,31,0.23664532938311178,0.2095916871627895,31,ok,all_pairs
scene0708_00,random,128,44,31,31,0.8861415809200656,0.05498419541014009,31,0.771052639575925,0.06070242696014978,31,0.11508894134414058,0.04012411418033999,31,0.2795884819705971,0.16809165359206973,31,0.33018029354462813,0.18509234499757501,31,0.4417982368865231,0.27450821961271055,31,0.30810515113895937,0.2503704060021981,31,ok,all_pairs
scene0708_00,random,128,45,31,31,0.8777882533688699,0.046329866708456645,31,0.7580622787631975,0.04938095649043788,31,0.1197259746056724,0.03211692716789322,31,0.31356428896005606,0.17120984587287447,31,0.36529880614032223,0.1682780215413409,31,0.39096538425281635,0.2213550953778642,31,0.2759339064359665,0.2272022043572968,31,ok,all_pairs
scene0708_00,random,128,46,31,31,0.8384092930824526,0.039530022095011476,31,0.6924540150055337,0.03412757301312524,31,0.14595527807691877,0.03915482348777289,31,0.32150745841706996,0.1425801888125899,31,0.37595676973725356,0.15037902412784385,31,0.38260111910955813,0.21788167717044865,31,0.2542077605762789,0.22665915648573481,31,ok,all_pairs
scene0708_00,random,256,42,31,31,0.8960650793967708,0.04725714596785714,31,0.7876719258606003,0.06214541358366735,31,0.1083931535361705,0.03736482645447728,31,0.3724467453970529,0.17146446546206146,31,0.4315560577615995,0.18013894028038255,31,0.3385842222683007,0.2174066037371072,31,0.21916534913884056,0.19793371592389228,31,ok,all_pairs
scene0708_00,random,256,43,31,31,0.8985297391491551,0.044148437633738255,31,0.8029673385244314,0.04536173726325838,31,0.09556240062472376,0.02534746281944731,31,0.3430554482905502,0.16592064466155257,31,0.3985655579632963,0.17017086928172878,31,0.35799973486610565,0.19069268649188945,31,0.23090300624889712,0.18134507744570807,31,ok,all_pairs
scene0708_00,random,256,44,31,31,0.8715990089601086,0.05305324316125522,31,0.753157404629473,0.05367573205808192,31,0.11844160433063557,0.03461099961638905,31,0.31871737591871807,0.16293452620924279,31,0.37622033212721284,0.17633818399116227,31,0.3895925532685298,0.22915206745402739,31,0.26272642564389015,0.22464194957195455,31,ok,all_pairs
scene0708_00,random,256,45,31,31,0.8979219755818767,0.0440101626787741,31,0.7933197325367276,0.05395643281624415,31,0.10460224304514908,0.03535850542662482,31,0.34131995361759,0.1831790293855179,31,0.393993680472052,0.18312545684008452,31,0.3737214573666843,0.22299877512132857,31,0.23975607524475745,0.20719440375622744,31,ok,all_pairs
scene0708_00,random,256,46,31,31,0.857686706127659,0.04544866503196395,31,0.7300573157421902,0.04302493961938361,31,0.1276293903854689,0.031196953162433844,31,0.33498413087143164,0.16503014697706572,31,0.40210852118451756,0.1641116093888863,31,0.3336047414799726,0.18860046441620895,31,0.22186463302181614,0.19034081535195954,31,ok,all_pairs
scene0708_00,random,384,42,31,31,0.8887945605862525,0.046346673372448736,31,0.7809995670347741,0.05191928655560689,31,0.10779499355147835,0.03211201678435557,31,0.3770452222018972,0.17797697595409923,31,0.4361363314142329,0.18172367881559318,31,0.34035754940570123,0.2300969290927817,31,0.2256078109625847,0.2008900224926967,31,ok,all_pairs
scene0708_00,random,384,43,31,31,0.8915087292271275,0.05079319459586824,31,0.7911614415578877,0.05658279326866458,31,0.10034728766923967,0.030086127406514396,31,0.3680212863656261,0.17646938418654176,31,0.42407640944768743,0.1751702593522738,31,0.3605642065915862,0.24726135118761902,31,0.25356158097424814,0.25315441262769833,31,ok,all_pairs
scene0708_00,random,384,44,31,31,0.9906723537752705,0.0037932151472243954,31,0.9808089399169664,0.004448130468766721,31,0.009863413858304278,0.0036262821330657335,31,0.33371678023356166,0.16561035291663728,31,0.3896510204925975,0.17756002539257504,31,0.3801348646708918,0.2288823654505356,31,0.2695115883984873,0.24368289385959674,31,ok,all_pairs
scene0708_00,random,384,45,31,31,0.991263126173327,0.003051264798693987,31,0.9820679372512461,0.003590762836625883,31,0.009195188922080868,0.003130184191815301,31,0.35362436097884103,0.18292450150149103,31,0.40838514608517457,0.18722754652051812,31,0.36711709994286496,0.22052300120126034,31,0.2373147182647259,0.20048751296414097,31,ok,all_pairs
scene0708_00,random,384,46,31,31,0.8545677335031571,0.044661591958640376,31,0.7309652464180345,0.04007774816393484,31,0.12360248708512242,0.029619298881946057,31,0.3385925180209011,0.16936786547585744,31,0.39789772759242453,0.167515726401271,31,0.3354881753887521,0.19196051927784327,31,0.21521325433446514,0.18278322484498483,31,ok,all_pairs
scene0708_00,random,512,42,31,31,0.8794743822466943,0.04738135718021065,31,0.7687246145379986,0.05160914238439523,31,0.11074976770869563,0.03194210504355639,31,0.37845617168486834,0.1882064393160106,31,0.4358833434104548,0.19041801877665449,31,0.32993531612298566,0.20900428884371913,31,0.22707203499251796,0.19425471994189947,31,ok,all_pairs
scene0708_00,random,512,43,31,31,0.8894122512109818,0.052800690403418594,31,0.7870281859239265,0.059424624549323096,31,0.1023840652870552,0.03210841738092681,31,0.360036469038847,0.17475551866960168,31,0.4180382364673196,0.1753737155227918,31,0.35613084874345213,0.22937763000189731,31,0.2336672087830882,0.21832070275307164,31,ok,all_pairs
scene0708_00,random,512,44,31,31,0.9884154988873389,0.004314455627115126,31,0.9766830255014842,0.004783483134347347,31,0.011732473385854767,0.0039468601941893755,31,0.35466464085590244,0.17734164458179918,31,0.41293318705357046,0.1834567963524721,31,0.3612436044923461,0.23120314813553622,31,0.2554467952539844,0.24116475903294904,31,ok,all_pairs
scene0708_00,random,512,45,31,31,0.9888161824595544,0.003784263925991132,31,0.9776186993224465,0.004096273466152526,31,0.011197483137107922,0.003601528899927842,31,0.3680945242199167,0.1819000553649862,31,0.42811420678173684,0.18243969220458578,31,0.3544745773474177,0.21965713926145577,31,0.22267061015290598,0.19589676220994917,31,ok,all_pairs
scene0708_00,random,512,46,31,31,0.8581988830720225,0.04975229753478101,31,0.7308760964597452,0.04746263981240894,31,0.1273227866122774,0.03131801766981829,31,0.3594765542301691,0.1750969699764616,31,0.420866481938431,0.17021357725863598,31,0.33306027341806194,0.20772194425731375,31,0.20489046698616398,0.1757705897733876,31,ok,all_pairs
scene0708_00,random,768,42,31,31,0.8668144749056909,0.04770291302991332,31,0.7462939979505357,0.04866330386285379,31,0.12052047695515516,0.032294036230044426,31,0.3840185937483478,0.17937969388160688,31,0.44221994821508503,0.18862647714142872,31,0.3109497715088741,0.189425607966318,31,0.20438723686722018,0.1725015235973112,31,ok,all_pairs
scene0708_00,random,768,43,31,31,0.8813756531284701,0.05022654658773389,31,0.7658124240537374,0.05869662058179293,31,0.1155632290747328,0.036161680091152094,31,0.3701621883760829,0.1877349237557532,31,0.42398527892753873,0.18927556402076376,31,0.35231516802552393,0.24486603322826564,31,0.24362767307508376,0.2508848446430958,31,ok,all_pairs
scene0708_00,random,768,44,31,31,0.9833629765818196,0.006217014354256418,31,0.9663466886457687,0.0072995787699395446,31,0.017016287936051096,0.006102266588905504,31,0.35273880453941175,0.18061719118953443,31,0.40676355901565187,0.18420355376756226,31,0.36051183092487366,0.24081447747039145,31,0.26092306488463957,0.24104175611856277,31,ok,all_pairs
scene0708_00,random,768,45,31,31,0.9836351448489774,0.005885439412178797,31,0.9672021100811812,0.006444257616872481,31,0.0164330347677962,0.005439836127982502,31,0.3594448613712393,0.1749334486293998,31,0.4188046323723448,0.1757752683942817,31,0.35913328836294045,0.2307589468202061,31,0.24152371347431215,0.22192055828483861,31,ok,all_pairs
scene0708_00,random,768,46,31,31,0.9837111215437612,0.0052946423029550625,31,0.9684653926656811,0.004827420776545891,31,0.015245728878080332,0.004110691367690438,31,0.37030397609603155,0.16919656317723167,31,0.42994276461052605,0.1709570993918879,31,0.3387334849891297,0.2060523575455525,31,0.20506038192299106,0.17257681989903362,31,ok,all_pairs
scene0708_00,random,1024,42,31,31,0.8692973159974621,0.04791491183473914,31,0.7445343361916307,0.048151236012037746,31,0.12476297980583133,0.032538806002035126,31,0.39767489765336556,0.1748972192860995,31,0.45758479860842644,0.17597812519654568,31,0.3073734998193576,0.18596612354102457,31,0.18964521923372823,0.16889051572013378,31,ok,all_pairs
scene0708_00,random,1024,43,31,31,0.8797495768916223,0.04968598905297764,31,0.762329004291151,0.05801952727877604,31,0.11742057260047122,0.036329357254855366,31,0.37198588152150547,0.17229983468447063,31,0.42744552352610066,0.17722514037603604,31,0.33997774600388125,0.23433540172543016,31,0.22824137417539472,0.23461308381307866,31,ok,all_pairs
scene0708_00,random,1024,44,31,31,0.9790859376230547,0.007345767757036616,31,0.9584781477822057,0.008163938849836709,31,0.020607789840849076,0.006696759414836417,31,0.35735764829241723,0.17258833835849155,31,0.41815606045190656,0.17918488787818632,31,0.35516609387503517,0.23406180354522937,31,0.23861482871636266,0.2183173940390395,31,ok,all_pairs
scene0708_00,random,1024,45,31,31,0.9793070920052067,0.007221217436609369,31,0.9586093366866016,0.00755586773336353,31,0.02069775531860527,0.0062505971437379374,31,0.37169810352944455,0.178077928708501,31,0.4334972566176114,0.17674641583098455,31,0.34123356783724784,0.21535593705888542,31,0.22985786584115797,0.22268162777730668,31,ok,all_pairs
scene0708_00,random,1024,46,31,31,0.9793911326316095,0.006944747423134496,31,0.9597730714399278,0.006783858662191571,31,0.01961806119168167,0.005526742011017852,31,0.3699372404531783,0.1669179427184129,31,0.42899435821183574,0.16983072738166177,31,0.33078403354742514,0.19885551479160776,31,0.21293243092875327,0.18732587967009287,31,ok,all_pairs
scene0709_00,ablation_iterative,128,0,31,31,0.7531566158417733,0.048417027227939544,31,0.5172744835040023,0.048413285051677545,31,0.235882132337771,0.06130885307836148,31,0.3597377750463349,0.136641411708277,31,0.5082870565417451,0.1796950451060863,31,0.22273268454351397,0.11239063397700932,31,0.12998645332071088,0.09464920297043077,31,ok,all_pairs
scene0709_00,ablation_iterative,256,0,31,31,0.7694241193033033,0.04466541840473278,31,0.5487809709242301,0.051265895299995805,31,0.22064314837907334,0.05717342390000148,31,0.3687821723214391,0.14188867970329136,31,0.514474293870173,0.18190873949797418,31,0.21622198163623566,0.10532653905797411,31,0.12512985833229556,0.0908759916011809,31,ok,all_pairs
scene0709_00,ablation_iterative,384,0,31,31,0.8032037269684577,0.04609546206629333,31,0.5938764645150115,0.0649472482202435,31,0.20932726245344618,0.053618482557663744,31,0.3634351324190503,0.13776976383275916,31,0.5118135904618218,0.1756547438045027,31,0.21590108044317152,0.10690113928870075,31,0.12832887771148835,0.09595144395006282,31,ok,all_pairs
scene0709_00,ablation_iterative,512,0,31,31,0.8207064809337739,0.04617314577696162,31,0.6390329671288666,0.05667999775452126,31,0.18167351380490726,0.04649732547810946,31,0.3586209503140443,0.1358492626937105,31,0.5059190915644937,0.17590337132119527,31,0.21565783440365366,0.10623515986522063,31,0.12747203090017842,0.09033207792597976,31,ok,all_pairs
scene0709_00,ablation_iterative,768,0,31,31,0.8282701873010204,0.03803735821501079,31,0.6475124062979772,0.05108993511002327,31,0.18075778100304313,0.04816092906273205,31,0.3509009969714259,0.13714941419893137,31,0.49495173547767063,0.18730521261371388,31,0.22232969639033995,0.10963071895392619,31,0.13326469880919303,0.10137370293302805,31,ok,all_pairs
scene0709_00,ablation_iterative,1024,0,31,31,0.8454666406877579,0.0396657990205668,31,0.6867396700343298,0.050476606820846794,31,0.15872697065342822,0.044043074575232884,31,0.33693288473313343,0.13484740400565393,31,0.4797313351593044,0.17960650294444633,31,0.22512143675822774,0.10447669155205817,31,0.13622646454361179,0.09183182174461871,31,ok,all_pairs
scene0709_00,ablation_once,128,0,31,31,0.8386618245032526,0.04844220125116159,31,0.6317393589357858,0.08813473944061995,31,0.20692246556746677,0.06731336107070794,31,0.23502306760598923,0.11032055104363354,31,0.3496030959540749,0.15351210710323926,31,0.323622255748851,0.139982432095945,31,0.21577193612052548,0.11967262924769179,31,ok,all_pairs
scene0709_00,ablation_once,256,0,31,31,0.8402829593227755,0.04599035752144257,31,0.6540823187231348,0.07143011657257962,31,0.18620064059964075,0.05530707495727031,31,0.29724106424235247,0.12772053982444218,31,0.4253771294366996,0.16914705022237708,31,0.2611715456420554,0.11347797883727828,31,0.17040507855915255,0.1114522079486641,31,ok,all_pairs
scene0709_00,ablation_once,384,0,31,31,0.8351283727153656,0.04634419341648923,31,0.6387171342489644,0.07348445915319604,31,0.1964112384664011,0.059506364065941036,31,0.31628107321385246,0.13254563985459042,31,0.4493927065019155,0.18429041723211237,31,0.23582478744248958,0.10959844965078179,31,0.15519023987074052,0.09936421723716801,31,ok,all_pairs
scene0709_00,ablation_once,512,0,31,31,0.8422592993705503,0.04109638801411262,31,0.6620365734195164,0.06198843768017699,31,0.18022272595103409,0.051991771850186774,31,0.3295281756760287,0.13938266745393055,31,0.4651047562653681,0.18123011957441784,31,0.22692761020901395,0.10072435538928676,31,0.14301938227107447,0.08943090050183479,31,ok,all_pairs
scene0709_00,ablation_once,768,0,31,31,0.8465586400801136,0.03920635824272556,31,0.6854905558838156,0.05230132325293203,31,0.16106808419629798,0.045531313754560036,31,0.33606057750427254,0.13835822483855983,31,0.47250270847049447,0.18150435365237538,31,0.22771366492725975,0.10767334605131348,31,0.1394915715340645,0.09238745478340014,31,ok,all_pairs
scene0709_00,ablation_once,1024,0,31,31,0.8454666406877579,0.0396657990205668,31,0.6867396700343298,0.050476606820846794,31,0.15872697065342822,0.044043074575232884,31,0.33693288473313343,0.13484740400565393,31,0.4797313351593044,0.17960650294444633,31,0.22512143675822774,0.10447669155205817,31,0.13622646454361179,0.09183182174461871,31,ok,all_pairs
scene0709_00,centered_full,1536,0,31,31,0.636059416878608,0.09362900319029024,31,0.27212532711685017,0.14835577794801402,31,0.3639340897617579,0.13031841336443767,31,0.29878079288401066,0.1283046789238712,31,0.4306609707842392,0.1765132279839508,31,0.25531891673148777,0.11799884969377109,31,0.16562770234961663,0.10895390772800541,31,ok,all_pairs
scene0709_00,original,1536,0,31,31,0.9685934109072531,0.007466021055568241,31,0.934346460646908,0.010000901069044499,31,0.034246950260345285,0.010018836847853789,31,0.3098860033720641,0.12717008799417176,31,0.43903920537995994,0.1764849521037855,31,0.2559522274767908,0.12529590599763132,31,0.161704872885058,0.1069723634239676,31,ok,all_pairs
scene0709_00,pca,128,0,31,31,0.6843050343375052,0.09875133536086445,31,0.29484364642781574,0.16450830750728693,31,0.3894613879096895,0.14754269644800252,31,0.26463030183093006,0.12090552252376552,31,0.3904587092621875,0.16364729993934304,31,0.27906923153108953,0.12082112445042473,31,0.20392062418883847,0.1619011930415555,31,ok,all_pairs
scene0709_00,pca,256,0,31,31,0.6581570477254929,0.09554089609425141,31,0.28247570388346965,0.15708861055102752,31,0.3756813438420233,0.13836850816425195,31,0.280339403938944,0.12665404994147586,31,0.40746309516504975,0.17198164557784612,31,0.27031782452316855,0.12051530729125787,31,0.19414684657127626,0.15032207826485702,31,ok,all_pairs
scene0709_00,pca,384,0,31,31,0.6503642768629135,0.09499897783778087,31,0.27861471776025637,0.1539457715212498,31,0.3717495591026572,0.13551391837383636,31,0.28800967034329755,0.12687118099123124,31,0.4170903432779709,0.17423176906947782,31,0.2643515485262729,0.11913016687841792,31,0.1763436461408292,0.11041086817101108,31,ok,all_pairs
scene0709_00,pca,512,0,31,31,0.6458801588704509,0.09450339292811587,31,0.2764221711087643,0.15222074870552618,31,0.36945798776168653,0.1339100412828409,31,0.29276619105263296,0.1260564344792225,31,0.42278796344131286,0.1719832520833312,31,0.2600535069516037,0.11824062762272378,31,0.1712363606258746,0.10936478686133172,31,ok,all_pairs
scene0709_00,pca,768,0,31,31,0.6408223807811737,0.0939530220396545,31,0.2740590843550387,0.15028487870930562,31,0.3667632964261351,0.13209463952425046,31,0.2957900111479887,0.12692744880842224,31,0.4258044157421828,0.17401449522491502,31,0.258035460386823,0.1179173915617623,31,0.16958453806657944,0.10895267918200986,31,ok,all_pairs
scene0709_00,pca,1024,0,31,31,0.6381939063149114,0.09380361898613555,31,0.272889775095317,0.149343103452743,31,0.36530413121959443,0.13117602934912984,31,0.29705544192792915,0.12817689089447962,31,0.4284178401138193,0.17518130047937094,31,0.2566667152377154,0.11811105912709521,31,0.16864055359075147,0.10859535059108054,31,ok,all_pairs
scene0709_00,random,128,42,31,31,0.8641034307018403,0.04493033142178293,31,0.7025211689622873,0.06123092380186773,31,0.16158226173955292,0.04664887981257477,31,0.28383794389308825,0.12189236920287795,31,0.41900416427131165,0.17464304706894482,31,0.27255336892692456,0.1339257317287464,31,0.1813675413929647,0.14128475600699886,31,ok,all_pairs
scene0709_00,random,128,43,31,31,0.84287646701259,0.03257368563860604,31,0.6935344682699258,0.03873294488658679,31,0.1493419987426641,0.04466282617498376,31,0.28241066506623314,0.12418027069332259,31,0.40502261089567243,0.16534330995504332,31,0.2903199312209377,0.13936494935279753,31,0.18289028853178024,0.11688304597462634,31,ok,all_pairs
scene0709_00,random,128,44,31,31,0.8800730820625059,0.031091405638900935,31,0.7169159085146302,0.0615240719121344,31,0.16315717354787573,0.05869039533979657,31,0.22698051159320498,0.11509807062102738,31,0.34185814112492185,0.1526262861424887,31,0.32619552203133245,0.13686332675610668,31,0.2144860834363968,0.11260555848263314,31,ok,all_pairs
scene0709_00,random,128,45,31,31,0.8758975805774811,0.03141522229331089,31,0.7447799379693827,0.0341208550211295,31,0.1311176426080984,0.03757344308664234,31,0.26579689372076876,0.1313445408423889,31,0.3903219730963502,0.1656233246067741,31,0.2821120087661418,0.11657841674519286,31,0.17950190231204033,0.10830255129270634,31,ok,all_pairs
scene0709_00,random,128,46,31,31,0.8285781875733407,0.034066566582572864,31,0.6807126511360793,0.04153335106351386,31,0.14786553643726155,0.044778181331314414,31,0.2822698911814655,0.1192482769195489,31,0.4079203123958455,0.16566485513668783,31,0.2828163001805341,0.1337803319830688,31,0.1852778078567597,0.13698441977078413,31,ok,all_pairs
scene0709_00,random,256,42,31,31,0.8571371263073336,0.0457401095134688,31,0.6907536958780711,0.06158401746369429,31,0.1663834304292627,0.04923663119420363,31,0.3147620382759489,0.1316946790462273,31,0.44738867770275087,0.16983771153674873,31,0.24748579973241738,0.12077490163714638,31,0.14936543736727007,0.09802674205331542,31,ok,all_pairs
scene0709_00,random,256,43,31,31,0.8793915856269098,0.038908916731953964,31,0.7461186238174865,0.05094972538889949,31,0.13327296180942336,0.04178386194721893,31,0.2871071527150123,0.11728738329596472,31,0.4190933809934713,0.1653330623621527,31,0.2745186121884981,0.14277929418664106,31,0.183398942192716,0.1643016320926139,31,ok,all_pairs
scene0709_00,random,256,44,31,31,0.8630204066153495,0.039433249594543134,31,0.7136384700518008,0.053690798471613954,31,0.14938193656354867,0.048318028924316546,31,0.26175991372777285,0.12005736146541836,31,0.3782871915510533,0.16452744223477092,31,0.2971460106463907,0.16109299872752947,31,0.2174015855116229,0.2060570515339624,31,ok,all_pairs
scene0709_00,random,256,45,31,31,0.8744569459269124,0.033316704426807106,31,0.7278045451776596,0.05099920411194319,31,0.14665240074925281,0.04660323263200433,31,0.2746973214299953,0.12298381135712472,31,0.40326740111659365,0.17576768201699458,31,0.2847046963605454,0.11513648933817433,31,0.17704225043135305,0.10801836268191123,31,ok,all_pairs
scene0709_00,random,256,46,31,31,0.8470838358325343,0.03631316493122943,31,0.6975773557644104,0.04182026299314084,31,0.1495064800681236,0.04135636407961476,31,0.2996685127469747,0.12678393876236776,31,0.43465088037051663,0.16294848528314876,31,0.24697524534732582,0.10594316482714154,31,0.15436014749350085,0.08606882584142525,31,ok,all_pairs
scene0709_00,random,384,42,31,31,0.860884754888473,0.04063364911324376,31,0.7153010383847337,0.04932405889795974,31,0.14558371650373933,0.041439830714753836,31,0.3097895120895354,0.13069169756520752,31,0.4433919774559753,0.17172619540712147,31,0.2532281077603291,0.13239468624594794,31,0.15770907339549833,0.10793228163778074,31,ok,all_pairs
scene0709_00,random,384,43,31,31,0.8652997651407796,0.04395080089439829,31,0.7144943620582975,0.056878099921532255,31,0.15080540308248205,0.04874951461417124,31,0.2983374819834379,0.1334496671748731,31,0.43335663039946526,0.18099789327395413,31,0.26389253558646447,0.1436443965105522,31,0.1758305468866902,0.16766193277269725,31,ok,all_pairs
scene0709_00,random,384,44,31,31,0.9899543600697671,0.0024485293482662714,31,0.9776809669430941,0.003956918201394865,31,0.012273393126672985,0.0039761285418172835,31,0.26399615203553084,0.11781862863784942,31,0.38308306201509185,0.1635726434565928,31,0.290146390162,0.1295145646230615,31,0.20502066744431371,0.16645898929260589,31,ok,all_pairs
scene0709_00,random,384,45,31,31,0.9904093107869548,0.0021896539942435197,31,0.9789967983699637,0.003555572335190966,31,0.011412512416991039,0.00356962259336864,31,0.2798970331186334,0.1267557169104977,31,0.4039472439607828,0.17291791894482644,31,0.27928309412112395,0.1254237680335084,31,0.18483298752577074,0.11946219506956972,31,ok,all_pairs
scene0709_00,random,384,46,31,31,0.84448016266669,0.03363163987914557,31,0.6892088480483483,0.048902457749891624,31,0.1552713146183418,0.04618504343960281,31,0.30241811628118526,0.1212936713061388,31,0.43775897698595945,0.16154813439264926,31,0.24371017079199933,0.10335416516353045,31,0.15451734681283275,0.10098337031368237,31,ok,all_pairs
scene0709_00,random,512,42,31,31,0.8514010271718425,0.042518510613924955,31,0.7038902051668666,0.050432915592827296,31,0.147510822004976,0.04155911806950492,31,0.3131428605026707,0.13011605482769237,31,0.4492951430575275,0.1704690911758328,31,0.2504121269743823,0.12794019264277728,31,0.15400789858352754,0.10514581200687925,31,ok,all_pairs
scene0709_00,random,512,43,31,31,0.8626543168098696,0.04336656651864512,31,0.707044858918742,0.06007901073252702,31,0.15560945789112757,0.05019489206607091,31,0.3123762375826283,0.13583281250116944,31,0.4439712231958612,0.17775225994808713,31,0.2548763410864781,0.1346762802935355,31,0.16702659872751083,0.13459838396799992,31,ok,all_pairs
scene0709_00,random,512,44,31,31,0.987737194184334,0.0028411792374952232,31,0.9734891767544721,0.004339556730315043,31,0.01424801742986198,0.004397164179718315,31,0.28547971052546195,0.12485914816043057,31,0.4115170121941028,0.17520480173014258,31,0.2620158559877155,0.1148610909759108,31,0.1800935527970714,0.12238381332840538,31,ok,all_pairs
scene0709_00,random,512,45,31,31,0.9879084383287737,0.002718656697893947,31,0.9742604504209696,0.004086956562589882,31,0.013647987907804275,0.004147292417811013,31,0.29475515114581163,0.128493819621332,31,0.4203262700119182,0.1745909367933305,31,0.2633845462706924,0.12033847192378135,31,0.1668405721504842,0.10571058914948293,31,ok,all_pairs
scene0709_00,random,512,46,31,31,0.8360102811167317,0.04094122761336273,31,0.6689234458599971,0.05312449566482902,31,0.16708683525673476,0.04940573080884176,31,0.3022379591175971,0.12943401601428,31,0.4361238248997624,0.17488451407223782,31,0.2534741925953382,0.11721091870455039,31,0.16495849576688582,0.10664629248941035,31,ok,all_pairs
scene0709_00,random,768,42,31,31,0.8427585459524586,0.0398802766177037,31,0.6882463536867696,0.04966317168499481,31,0.15451219226568894,0.04358136957064752,31,0.319485967638454,0.12473868725518639,31,0.4619702072688331,0.16451550467389378,31,0.2366327956421385,0.10922535054364359,31,0.14527900444884453,0.09686524472425354,31,ok,all_pairs
scene0709_00,random,768,43,31,31,0.8501350821987275,0.04239979562057515,31,0.6783153545416625,0.06254475254994567,31,0.1718197276570651,0.052413163623107405,31,0.2979154368305164,0.1289376566926624,31,0.42487593145021696,0.1779286002588149,31,0.2627910196432918,0.13957478983833926,31,0.16713366381102993,0.10871253690258094,31,ok,all_pairs
scene0709_00,random,768,44,31,31,0.982060230547382,0.004261131112146437,31,0.9612560748837704,0.006622069638696903,31,0.02080415566361167,0.006829772008634145,31,0.29564995103330255,0.12296426886660894,31,0.42696231808247737,0.17362813046397432,31,0.26297743797927164,0.1298345910630016,31,0.18343178879830144,0.16467247003246588,31,ok,all_pairs
scene0709_00,random,768,45,31,31,0.9825294825338549,0.004013727314945284,31,0.9624240493929597,0.006059929708281427,31,0.020105433140895117,0.006196823531320682,31,0.3048345748743394,0.12932091812250715,31,0.4350397285299511,0.1734901902325733,31,0.25385301430952895,0.11841016039224711,31,0.1607155932053443,0.10529771345409702,31,ok,all_pairs
scene0709_00,random,768,46,31,31,0.9825118510953842,0.003981583468606995,31,0.9649373319009564,0.004791361824785007,31,0.017574519194427703,0.004998475736593927,31,0.30163010930981954,0.1274551232643669,31,0.4303397541516575,0.17079534849450914,31,0.260836530116214,0.12332749577892531,31,0.16706263526312767,0.11214535286234556,31,ok,all_pairs
scene0709_00,random,1024,42,31,31,0.8490037341271678,0.03886229336993999,31,0.6927308749424872,0.04997366656542987,31,0.15627285918468067,0.04458912171956764,31,0.32207904675290744,0.1268577271198646,31,0.459799092231706,0.17074383630235423,31,0.23763785020164108,0.11096366779273625,31,0.1506450422588856,0.10093173455471913,31,ok,all_pairs
scene0709_00,random,1024,43,31,31,0.8479218136879706,0.04069110189542537,31,0.6756724264552489,0.061776720637118164,31,0.17224938723272146,0.053043389428196565,31,0.30214861447444535,0.13221198172947757,31,0.4306435731626455,0.18287624921589055,31,0.25642380392148334,0.13155227553405077,31,0.1603096698320681,0.10129419022651692,31,ok,all_pairs
scene0709_00,random,1024,44,31,31,0.9776270101147313,0.0050514270616022145,31,0.9530945360479492,0.0073264460177183115,31,0.02453247406678192,0.0075417264874079295,31,0.30866999579727056,0.12963089118528323,31,0.4375380518158717,0.17841261082080564,31,0.25422440812161645,0.11827036859874113,31,0.15956703152868054,0.10382828812210568,31,ok,all_pairs
scene0709_00,random,1024,45,31,31,0.9776221244565902,0.005189520318274982,31,0.952518242569903,0.007295341901677681,31,0.025103881886687104,0.0073838921034157625,31,0.3110748886243972,0.1302847847564749,31,0.4402041310037297,0.17548499970364564,31,0.2542768395471311,0.12327186373989442,31,0.16211770498944866,0.10586979337380226,31,ok,all_pairs
scene0709_00,random,1024,46,31,31,0.977541042912391,0.0051828168786955085,31,0.9541119556840478,0.0065657775498906765,31,0.023429087228343016,0.006784101517459596,31,0.3023398818230576,0.12189062995223651,31,0.43155587715957855,0.16943409267581283,31,0.25795618992577274,0.11944943759410367,31,0.1648679236250539,0.10119802143559857,31,ok,all_pairs
scene0710_00,ablation_iterative,128,0,31,31,0.7348949774619071,0.052940368792940534,31,0.5314050845790513,0.047703036113696085,30,0.20575826441361433,0.058359026476937456,30,0.2667531843210913,0.15014038366285853,31,0.457714924788074,0.21772893570580362,31,0.2697642932780719,0.16736139979060163,31,0.18654219962416158,0.20629085650972787,31,ok,all_pairs
scene0710_00,ablation_iterative,256,0,31,31,0.7026161090020211,0.05880580315012576,31,0.4896535182078771,0.049684451725826,30,0.21551995435554858,0.06038220105195671,30,0.2818582324497421,0.16424958317996285,31,0.48248049144861466,0.22826249402096171,31,0.24642081889214124,0.14746337669810786,31,0.15596064925193787,0.13562452578782436,31,ok,all_pairs
scene0710_00,ablation_iterative,384,0,31,31,0.7331233543734397,0.05242812789818961,31,0.5426921955880324,0.04192825093019483,30,0.19336454350384072,0.054006693563557036,30,0.28897507625810737,0.16384397904031806,31,0.4992593155829913,0.24006419471144513,31,0.23526939656869883,0.14255870720805489,31,0.1574902917829252,0.1429155175585097,31,ok,all_pairs
scene0710_00,ablation_iterative,512,0,31,31,0.7403937597428599,0.051452940677086945,31,0.5601782261764676,0.03771456676361051,30,0.18355904425822986,0.05134201806752825,30,0.2828822582843135,0.17143154809048025,31,0.4854560164514541,0.2457559969522966,31,0.2512634769499017,0.17207748672186254,31,0.18972970461172442,0.20188138982905018,31,ok,all_pairs
scene0710_00,ablation_iterative,768,0,31,31,0.7834916806990101,0.04365428244682174,31,0.6359542806870899,0.03305517110022322,30,0.15068167448767403,0.042643668289032995,30,0.2822843683002671,0.16516468542452062,31,0.47367538496249595,0.23512337397445646,31,0.257626289701722,0.1685929117251028,31,0.18953339467125555,0.19744165520302462,31,ok,all_pairs
scene0710_00,ablation_iterative,1024,0,31,31,0.8033043684497956,0.04716894629196126,31,0.660806911541444,0.032889786468194314,30,0.14662210012135718,0.04228904860353635,30,0.2650874765544033,0.1581533842230061,31,0.4467736291232872,0.22807203948080873,31,0.278460004515488,0.1804345188095304,31,0.2094266039709891,0.20647978368549633,31,ok,all_pairs
scene0710_00,ablation_once,128,0,31,31,0.7363110280806019,0.07083662727275135,31,0.510623939344902,0.06667951482713068,30,0.2293351357086309,0.085353438706835,30,0.15252724241948887,0.12086849420405159,31,0.2813803040550454,0.19109425686352333,31,0.38005278676797377,0.1860614244005078,31,0.3280988756206728,0.22872815260918827,31,ok,all_pairs
scene0710_00,ablation_once,256,0,31,31,0.7675836124727803,0.0594427931750933,31,0.580830291731152,0.049668694546388094,30,0.19116338509023884,0.06257666357291129,30,0.20235211200066924,0.15056059595953106,31,0.3518257774536535,0.21987166953128792,31,0.3397895404507255,0.2183765324034612,31,0.2887954218012671,0.25124424399422673,31,ok,all_pairs
scene0710_00,ablation_once,384,0,31,31,0.7650604286501484,0.06535911689322782,31,0.5888651563865491,0.04600735215071337,30,0.1819115823365699,0.0551608950620353,30,0.2274634019965717,0.16114233321852253,31,0.3947076927138537,0.23194229309279205,31,0.30501105415744934,0.17917480925528162,31,0.2519128729979838,0.21110972267328362,31,ok,all_pairs
scene0710_00,ablation_once,512,0,31,31,0.7652698774491588,0.06156080665705557,31,0.5913038195738677,0.04212033701948733,30,0.17883907143578115,0.05285127765158718,30,0.25089055908033964,0.15979738148071898,31,0.417729365861973,0.22811453854531258,31,0.2897441440835023,0.17488676776484144,31,0.24235783853838522,0.22139629948981682,31,ok,all_pairs
scene0710_00,ablation_once,768,0,31,31,0.776925959894734,0.05464633083473868,31,0.6121116543016533,0.039786850773380414,30,0.16942045448206866,0.049464822693303025,30,0.26353137636336543,0.16088794464621392,31,0.4421802936648003,0.22985242674451184,31,0.273687924644583,0.1673775180746276,31,0.2081588747039918,0.1927074537135306,31,ok,all_pairs
scene0710_00,ablation_once,1024,0,31,31,0.8033043684497956,0.04716894629196126,31,0.660806911541444,0.032889786468194314,30,0.14662210012135718,0.04228904860353635,30,0.2650874765544033,0.1581533842230061,31,0.4467736291232872,0.22807203948080873,31,0.278460004515488,0.1804345188095304,31,0.2094266039709891,0.20647978368549633,31,ok,all_pairs
scene0710_00,centered_full,1536,0,31,31,0.5687901089268346,0.1032909693760657,31,0.19985085963599755,0.11905983170398053,30,0.3758913155457092,0.12398310537367627,30,0.22236858981769253,0.15058721604847347,31,0.3850928753664366,0.20996414990664644,31,0.3252623048304396,0.21008483413158785,31,0.27515329144174056,0.26236356840357367,31,ok,all_pairs
scene0710_00,original,1536,0,31,31,0.9613351129716442,0.009805325475942397,31,0.9263160251736522,0.012864102800492045,30,0.03616483378808883,0.01302357067101358,30,0.2158217564307492,0.1368653109751878,31,0.36715388462588144,0.20010496399882827,31,0.3231434571870528,0.20070665326852094,31,0.2515915080664619,0.22806227285006925,31,ok,all_pairs
scene0710_00,pca,128,0,31,31,0.6140015336775011,0.11153020217643489,31,0.210873612269744,0.13638446134119833,30,0.41026093909642625,0.1372884459353023,30,0.19127349109271127,0.1330692946414567,31,0.33602209027095964,0.18959400164580054,31,0.34586944400804204,0.19867329919629872,31,0.2874411947784885,0.2354611988581633,31,ok,all_pairs
scene0710_00,pca,256,0,31,31,0.589562859266035,0.10738336404163334,31,0.20317418484183397,0.12859182181889878,30,0.39343417974022776,0.13004891080147107,30,0.20710791790046565,0.14305398681813333,31,0.35667105013437356,0.19989211408797186,31,0.33951033002538017,0.2072210965022542,31,0.288255458757762,0.25856349046930177,31,ok,all_pairs
scene0710_00,pca,384,0,31,31,0.5818791331783417,0.10615208758543417,31,0.20109820091058,0.1253358717173181,30,0.3878331907259505,0.128201381618706,30,0.2123850261968613,0.1465753437184987,31,0.3682158611664966,0.20506661834492898,31,0.3336756429071291,0.2078429114055774,31,0.2820857705608491,0.2564670133819395,31,ok,all_pairs
scene0710_00,pca,512,0,31,31,0.5774967487781278,0.1052662034117831,31,0.20005428559674862,0.1235745298271028,30,0.38444168699687686,0.12685553721557288,30,0.21507606633209672,0.14629087894003465,31,0.3740526230996667,0.2046116815829096,31,0.3315730642053461,0.2083851848952637,31,0.28132978646505263,0.2610882901937718,31,ok,all_pairs
scene0710_00,pca,768,0,31,31,0.5727973695724241,0.10443112530465057,31,0.19958332060269857,0.12157082366793928,30,0.3802163235496249,0.1254725939601714,30,0.21930417638346156,0.14780786670469667,31,0.379819326227735,0.20694981410712737,31,0.3292853387934726,0.20925985078746748,31,0.2785321520941873,0.2621964718962642,31,ok,all_pairs
scene0710_00,pca,1024,0,31,31,0.5706269731444698,0.10381685575988624,31,0.19965173015552135,0.12031434402649734,30,0.37795159211201107,0.12467138138520327,30,0.2214181018742554,0.14954355697484104,31,0.38191229494601436,0.2081835809363868,31,0.3271633514192969,0.20994984780031417,31,0.2769683922731107,0.2621947622402385,31,ok,all_pairs
scene0710_00,random,128,42,31,31,0.8302204820417589,0.04377877087472528,31,0.6684958757021812,0.0444628795162611,30,0.1642576971591724,0.05510023430373321,30,0.19002343713350622,0.12230596054045857,31,0.3389601288182936,0.1911212613615754,31,0.34289240255441045,0.18435253311158742,31,0.2766688325472416,0.22614315397258788,31,ok,all_pairs
scene0710_00,random,128,43,31,31,0.8256413032931667,0.04965134702694561,31,0.7065422408834763,0.04356250974414944,30,0.1257153517945936,0.04271540874615433,30,0.20372675125637305,0.12018834650696264,31,0.351314027440838,0.18926937014422043,31,0.3447590908610523,0.19309436447682607,31,0.26762921146808133,0.2219872300418441,31,ok,all_pairs
scene0710_00,random,128,44,31,31,0.8603944989942736,0.03608315807117352,31,0.6663499914271807,0.09674963168708407,30,0.19631329947082463,0.09246024274187761,30,0.15073754576010584,0.10039049860948387,31,0.2712896276775588,0.1608469388308469,31,0.3737826291138982,0.1971872549875896,31,0.3168100142671216,0.21942633662905353,31,ok,all_pairs
scene0710_00,random,128,45,31,31,0.8551817247944493,0.03473389570652145,31,0.7008260287808543,0.059465412880142426,30,0.15782338798372303,0.05865045759823341,30,0.1573627379306089,0.11073565246869421,31,0.2982864971210808,0.17616036131383914,31,0.3653613344233193,0.15684918516869595,31,0.3001303281034193,0.182692599114098,31,ok,all_pairs
scene0710_00,random,128,46,31,31,0.7943012387521805,0.049116949103162943,31,0.6592842782120949,0.039172954944279546,30,0.13978089644699848,0.040289119207703554,30,0.18849642650687543,0.11606687894448592,31,0.33626615017553196,0.17764569922655948,31,0.32384490971037144,0.16863852086357226,31,0.2696234107978882,0.22364556978620878,31,ok,all_pairs
scene0710_00,random,256,42,31,31,0.8114090331139103,0.055656600645238134,31,0.6324757361285307,0.04946789271528503,30,0.18329409521098752,0.06213805116484474,30,0.19323877600259767,0.15326297802385458,31,0.34916087361675335,0.22236987637601988,31,0.3398791289039679,0.20050469518113861,31,0.28612334485496244,0.23233423551627316,31,ok,all_pairs
scene0710_00,random,256,43,31,31,0.8584873426345087,0.03831313711190463,31,0.733771430720407,0.041615781862668136,30,0.1289947874650177,0.04283113498270418,30,0.19098516854420944,0.1235992618733238,31,0.33088009279334923,0.1905401290749622,31,0.3426265946830443,0.18804637796196308,31,0.271205279134935,0.21082295131364634,31,ok,all_pairs
scene0710_00,random,256,44,31,31,0.8441503663216868,0.03684234210812178,31,0.6809859514720902,0.07274554873551894,30,0.16566652452074837,0.0711086981006781,30,0.16671451397186807,0.11671956172270324,31,0.3043888986181242,0.17424449664203834,31,0.36219669519941355,0.22123872387339413,31,0.3031815439462662,0.24788597076508953,31,ok,all_pairs
scene0710_00,random,256,45,31,31,0.831425339944901,0.046112072982989895,31,0.6600524453178503,0.06040780112196065,30,0.17605395040358515,0.06545208494256227,30,0.14983424865365114,0.11361278604595601,31,0.28190842391068754,0.19439641491698573,31,0.36911579578216236,0.17725346175569967,31,0.30255644816544747,0.19523595603113666,31,ok,all_pairs
scene0710_00,random,256,46,31,31,0.8136539266955468,0.050980221880445806,31,0.6662961587170178,0.046894833148996784,30,0.15387958239918811,0.04861933179618414,30,0.20657631582600594,0.13168148051971948,31,0.3606711509095053,0.20046435367759938,31,0.33311308126462585,0.19542802519803423,31,0.2605013717566767,0.22265276374333443,31,ok,all_pairs
scene0710_00,random,384,42,31,31,0.8271661785341078,0.046115249253064566,31,0.6772348776063928,0.04192874588052226,30,0.15363846673552117,0.05173597656204809,30,0.19606947213338954,0.14374206849329982,31,0.3605761372026655,0.21304269658219024,31,0.3211147339484523,0.18845297620784024,31,0.2697637202518602,0.22198985056463047,31,ok,all_pairs
scene0710_00,random,384,43,31,31,0.8359537662998322,0.04812350050517248,31,0.6905495068405496,0.046303303746280056,30,0.15119009405628575,0.048901647389927645,30,0.19117775105290594,0.1347517478653014,31,0.3438179717461148,0.1902973327399864,31,0.32625966618358443,0.17468235964298728,31,0.2527344812068247,0.1999975284762629,31,ok,all_pairs
scene0710_00,random,384,44,31,31,0.9869852969723363,0.0036844659253516695,31,0.9727088319873016,0.006239801526108556,30,0.014758898058016874,0.006218205176593396,30,0.1789821143233051,0.12120969472674717,31,0.3126117279104265,0.1837586857028661,31,0.3573114365704106,0.21187571423938414,31,0.2875401634843119,0.23458371367649578,31,ok,all_pairs
scene0710_00,random,384,45,31,31,0.9872228695500281,0.003953754223696459,31,0.9738874685763944,0.005751058418746459,30,0.013868263165192978,0.005838145653521103,30,0.16933663152419925,0.12004867869442555,31,0.30163551037159536,0.19164447247596295,31,0.3747752074700751,0.22080675970697777,31,0.30779575244072943,0.2518162619714094,31,ok,all_pairs
scene0710_00,random,384,46,31,31,0.8146272936174946,0.045227548381486196,31,0.660430693193838,0.055743771632989485,30,0.15904139323575778,0.05699487566297711,30,0.2031856690690498,0.1189798875073838,31,0.36905667251617896,0.19269519959699435,31,0.3139147305594269,0.16892737559259619,31,0.24170945801081195,0.20014301045458502,31,ok,all_pairs
scene0710_00,random,512,42,31,31,0.8187197427595815,0.04792104073760856,31,0.6714506996998463,0.040251517778167295,30,0.1515061345369346,0.049946018324104495,30,0.2081307492853524,0.14911940342630092,31,0.37315568941701754,0.22017567815918282,31,0.31883643415518886,0.19397382830737614,31,0.26410432796805133,0.22260918636931906,31,ok,all_pairs
scene0710_00,random,512,43,31,31,0.8331697044834014,0.046693898995559174,31,0.6829419153242379,0.04704793026152374,30,0.1554708761663166,0.05079847738889228,30,0.20630911661056628,0.13260637066292014,31,0.3673082321077884,0.19388069245792428,31,0.320074236997924,0.1743873496004826,31,0.2474032997363998,0.20862452677810678,31,ok,all_pairs
scene0710_00,random,512,44,31,31,0.984310019400812,0.004220918230907896,31,0.9683605413501475,0.006674170046517041,30,0.01649441114415592,0.0066215071343451075,30,0.1928849662108663,0.1281763608730864,31,0.3375446061022244,0.1956945813287929,31,0.34601135108339187,0.21519818048516642,31,0.27600759387977664,0.24117111556051826,31,ok,all_pairs
scene0710_00,random,512,45,31,31,0.9843278988715141,0.00454207758120807,31,0.9690072964027274,0.0063684919574586735,30,0.015924397071724217,0.006444953306172766,30,0.19063905974202322,0.1350940097186252,31,0.32779776504660557,0.1999845933058149,31,0.35589977548375107,0.21949507924227785,31,0.28659903618597216,0.24729405117456457,31,ok,all_pairs
scene0710_00,random,512,46,31,31,0.8094091626905626,0.04870495223331735,31,0.6503707970886801,0.0508126697723201,30,0.16403319977627467,0.05616629554194058,30,0.21213802992824377,0.12904487452554853,31,0.3762182432827906,0.19454230565139535,31,0.3113830110822279,0.16952220295772188,31,0.24249020423139295,0.19670687569674683,31,ok,all_pairs
scene0710_00,random,768,42,31,31,0.8130233153220146,0.0453490098612823,31,0.6603736978061119,0.045063743375723594,30,0.1564467269890389,0.053372638322922474,30,0.23063706659447214,0.15224899641591555,31,0.39540362055398837,0.22165356873310893,31,0.3079942620879946,0.1917283020468937,31,0.24375495254512755,0.2138831643127243,31,ok,all_pairs
scene0710_00,random,768,43,31,31,0.8218560487993302,0.04681204580781286,31,0.658370963182813,0.0517260767553513,30,0.16828602607372775,0.055933148355227294,30,0.20646163418952887,0.13660719207202998,31,0.36270632020253524,0.19338291329745683,31,0.3233676140547754,0.19708345284236828,31,0.2619261108338833,0.2340558662175112,31,ok,all_pairs
scene0710_00,random,768,44,31,31,0.9765653302592616,0.006577773140450914,31,0.9534553872914198,0.009175260726213474,30,0.0239172828822253,0.00914773397650812,30,0.19027082277919188,0.12898687866832556,31,0.3342635497398331,0.19285306097317842,31,0.3516570590833867,0.21570110045318364,31,0.2783635257472915,0.24400037921028173,31,ok,all_pairs
scene0710_00,random,768,45,31,31,0.9775301794851979,0.006399456110385982,31,0.9555645442332568,0.008617592297653187,30,0.02279293176276067,0.008587042852958358,30,0.20071400640859657,0.13439697603012368,31,0.3477105277414777,0.1994775797589271,31,0.3425571084182634,0.2213192881760727,31,0.26827615751854833,0.2444579762405393,31,ok,all_pairs
scene0710_00,random,768,46,31,31,0.9788089144614435,0.005517874105723358,31,0.9614654757877055,0.006597316870869778,30,0.018025382528715907,0.006567781184216257,30,0.2162579527962442,0.1323199084775618,31,0.37193119139894654,0.19478490159730313,31,0.32974166262167237,0.19772308371920772,31,0.2521937497921528,0.2243364524057341,31,ok,all_pairs
scene0710_00,random,1024,42,31,31,0.8161400844973903,0.045756311034132,31,0.6605713844611311,0.04772488360242242,30,0.16005825397232534,0.05399842889773581,30,0.2317006754092472,0.14794538695740173,31,0.39872965884712097,0.2134217534943395,31,0.3112912482615167,0.20365558413723664,31,0.24571610554572074,0.22691419954010572,31,ok,all_pairs
scene0710_00,random,1024,43,31,31,0.8129379941571143,0.050474940193232336,31,0.641740661017867,0.055411922277097674,30,0.17647807483596395,0.060878913524444,30,0.20648551764054082,0.14571392748987136,31,0.3624380356641133,0.2048965501764389,31,0.3353459161099596,0.22334787989056915,31,0.2676388412233322,0.255543497898755,31,ok,all_pairs
scene0710_00,random,1024,44,31,31,0.9714458873195033,0.0076564057306881894,31,0.9450992464902105,0.010191387527553449,30,0.027280437958031718,0.01009097946976702,30,0.1977616644384537,0.13736594470984828,31,0.3483467921274315,0.19812228035463567,31,0.3365707879281296,0.20246444012893844,31,0.2611756018332897,0.22764518670956152,31,ok,all_pairs
scene0710_00,random,1024,45,31,31,0.9719633921500175,0.0076726154519018985,31,0.9458032842200613,0.009818863956179516,30,0.027130836673416973,0.00993062811485617,30,0.20486300146235223,0.13036938378470433,31,0.3580418374734151,0.20196929977966335,31,0.32998048507689376,0.205435052380777,31,0.2626491823504048,0.23912965457556262,31,ok,all_pairs
scene0710_00,random,1024,46,31,31,0.9726693226445106,0.007072877815058094,31,0.9489931956365302,0.008985959166255322,30,0.024556027309636956,0.00901914344461503,30,0.21926505217994832,0.1302916414342892,31,0.3709831201627232,0.195454804431777,31,0.3257347625322358,0.19213758178135346,31,0.24901830429031002,0.21944420604221576,31,ok,all_pairs
scene0711_00,ablation_iterative,128,0,31,20,0.6865410268306732,0.04427775332585258,20,0.4999286507428387,0.11355124696955388,20,0.18661237608783446,0.11227981730501968,20,0.13038464550152468,0.098061825021801,20,0.22811037590323496,0.16891647646738603,20,0.43954538836494483,0.18824703206201587,20,0.3637328650802374,0.2411536101178517,20,ok,all_pairs
scene0711_00,ablation_iterative,256,0,31,20,0.691091787815094,0.04820862444605674,20,0.5282047907624385,0.08660749245065891,20,0.16288699705265555,0.09634815407300382,20,0.15443763308819064,0.12364233064477817,20,0.2560778147308115,0.19853474275686617,20,0.4218652728105071,0.2083923423714431,20,0.3459818188101053,0.2557410360204058,20,ok,all_pairs
scene0711_00,ablation_iterative,384,0,31,20,0.7416193038225174,0.04850099385433935,20,0.6120165868201047,0.07409917099800982,20,0.12960271700241277,0.07686016368629109,20,0.14684407748263456,0.12860954297659383,20,0.24815206157513986,0.21201480237787468,20,0.4352153861995428,0.23334979593620486,20,0.36911374870687724,0.2838452275399762,20,ok,all_pairs
scene0711_00,ablation_iterative,512,0,31,20,0.816654947400093,0.04327133128832426,20,0.7297099192188372,0.0631626090008554,20,0.086945028181256,0.05425771622385812,20,0.1466762261482078,0.12804603430539765,20,0.2491331303527334,0.21510679195288931,20,0.4278389881639854,0.2490945088933107,20,0.3642516568303108,0.28830605469860665,20,ok,all_pairs
scene0711_00,ablation_iterative,768,0,31,20,0.8108271360397339,0.04203939981663148,20,0.7250256085220299,0.061640533560248276,20,0.0858015275177039,0.052074059437183504,20,0.14644299816671025,0.11955490312326292,20,0.24564105767672384,0.199996564931311,20,0.43749940510072793,0.2392952242629502,20,0.37909352891147136,0.2801160485135933,20,ok,all_pairs
scene0711_00,ablation_iterative,1024,0,31,20,0.8192082345485687,0.0404138823817208,20,0.735186180683169,0.06261368616376017,20,0.08402205386539978,0.05271127477849205,20,0.1345594479413375,0.12426331169590821,20,0.23378939154283745,0.20659730362149997,20,0.4394970624134091,0.2367018195556892,20,0.38200103137642144,0.2872120811303015,20,ok,all_pairs
scene0711_00,ablation_once,128,0,31,20,0.797207361459732,0.058086729390506985,20,0.6917162712723639,0.09828126926217903,20,0.10549109018736817,0.07576802480863523,20,0.09066961153176903,0.07450935744778234,20,0.17366806227370812,0.13892177429251493,20,0.4788009629529052,0.19332789749098633,20,0.4249647371470928,0.23158419338757277,20,ok,all_pairs
scene0711_00,ablation_once,256,0,31,20,0.8023121297359467,0.05177833753401536,20,0.7033060660782939,0.08621002792954002,20,0.09900606365765272,0.06469700421319155,20,0.11495055975760542,0.10161477268060695,20,0.20708765280938796,0.16901750384850395,20,0.44797319760333804,0.1988114484434552,20,0.39143199995160105,0.24967106722683283,20,ok,all_pairs
scene0711_00,ablation_once,384,0,31,20,0.8115586280822754,0.044719316681186755,20,0.7212413717605991,0.07223857859001838,20,0.0903172563216763,0.05770526908257511,20,0.12603662179306901,0.1109486504588636,20,0.22331072454691658,0.18758841243135885,20,0.43617740861570065,0.20691385510185253,20,0.381078214943409,0.2667307275332008,20,ok,all_pairs
scene0711_00,ablation_once,512,0,31,20,0.8006759226322174,0.04637672720630458,20,0.7083260570963842,0.0718354559830751,20,0.09234986553583324,0.05846601914417361,20,0.1289449960485183,0.11609730359035939,20,0.22651515687338208,0.19356243994533387,20,0.438381126733179,0.21763267547991066,20,0.3942917067557573,0.2825246565872228,20,ok,all_pairs
scene0711_00,ablation_once,768,0,31,20,0.8032710909843445,0.04393418674155382,20,0.7093028661129488,0.06920169177853565,20,0.09396822487139567,0.059091108799778046,20,0.13894144991098858,0.12770425696876642,20,0.23794567851341392,0.20578827441847863,20,0.4334557517765848,0.2247741656540499,20,0.38185301385819914,0.28043446311094183,20,ok,all_pairs
scene0711_00,ablation_once,1024,0,31,20,0.8192082345485687,0.0404138823817208,20,0.735186180683169,0.06261368616376017,20,0.08402205386539978,0.05271127477849205,20,0.1345594479413375,0.12426331169590821,20,0.23378939154283745,0.20659730362149997,20,0.4394970624134091,0.2367018195556892,20,0.38200103137642144,0.2872120811303015,20,ok,all_pairs
scene0711_00,centered_full,1536,0,31,20,0.5225146591663361,0.09685161740577428,20,0.2642465111558837,0.1591397405438075,20,0.25826814801045234,0.16694137993649566,20,0.10188340783696867,0.08700046130728618,20,0.18706070078901957,0.1562855838682604,20,0.45050466014039375,0.16056503042867762,20,0.396314949542284,0.22985818346349923,20,ok,all_pairs
scene0711_00,original,1536,0,31,20,0.9583107054233551,0.014095874625981025,20,0.9316921311396426,0.02487703510371595,20,0.026618574283712594,0.022185877309892122,20,0.10405873424219121,0.08772896059635121,20,0.1863867854392549,0.15464521770245468,20,0.47700812922243657,0.23116740871567787,20,0.42458245530724525,0.28825875078060154,20,ok,all_pairs
scene0711_00,pca,128,0,31,20,0.5649357587099075,0.10420877529218424,20,0.28381820556286147,0.18313939243837785,20,0.28111755314704606,0.18623102112604867,20,0.08569041875965319,0.07676872037998093,20,0.16152659660242488,0.13062291539820667,20,0.4750595733258768,0.14348967160059034,20,0.4306000009179115,0.20792105866449478,20,ok,all_pairs
scene0711_00,pca,256,0,31,20,0.541110672056675,0.10128084934208456,20,0.27042410868491285,0.17257953296395379,20,0.2706865633717621,0.1767114150478268,20,0.09581038335595228,0.07826960954737963,20,0.1714215979179496,0.14007643804024125,20,0.46752130560465704,0.1506506115936965,20,0.4170429967343807,0.21792730234201355,20,ok,all_pairs
scene0711_00,pca,384,0,31,20,0.534031093120575,0.0999845877377573,20,0.26731333734184776,0.16809326963438925,20,0.26671775577872725,0.17357257481847452,20,0.09962986486541994,0.0797639025941909,20,0.18010322739820633,0.14292805488183302,20,0.45997630948800783,0.15193895786545134,20,0.40550743490457536,0.22090446690273094,20,ok,all_pairs
scene0711_00,pca,512,0,31,20,0.5301253452897072,0.0992089665112054,20,0.2659442449767605,0.16536335768214763,20,0.2641811003129467,0.1714983140183736,20,0.101363576001305,0.08056987293202662,20,0.1843124653307019,0.14503513998965153,20,0.45686253705372365,0.1562957658010488,20,0.40410382226109504,0.2235357169626508,20,ok,all_pairs
scene0711_00,pca,768,0,31,20,0.5257966160774231,0.09829395495178314,20,0.2643070630632217,0.1624763224527742,20,0.26148955301420135,0.16942387936667758,20,0.10053565203587769,0.08194709767924746,20,0.18466157612992867,0.1495162030709037,20,0.4542295836787675,0.15762323517818114,20,0.39994708225131037,0.22728582223195404,20,ok,all_pairs
scene0711_00,pca,1024,0,31,20,0.5238525077700615,0.09757829731679618,20,0.2639869065348104,0.160853153119565,20,0.25986560123525104,0.1682196247422106,20,0.10036454312408556,0.08422478384574718,20,0.18473201311185633,0.15250266088866302,20,0.45217287914282756,0.15946943306360423,20,0.3972236767411232,0.22924978175616245,20,ok,all_pairs
scene0711_00,random,128,42,31,20,0.8215536892414093,0.0626365302815572,20,0.6846690179737476,0.11092994872738908,20,0.13688467126766166,0.10454856401893746,20,0.10114313703443793,0.0743156591886398,20,0.1808465202950884,0.13232347253117363,20,0.4660421802469874,0.1987027192557357,20,0.4034212946891785,0.22816339152820256,20,ok,all_pairs
scene0711_00,random,128,43,31,20,0.8065362989902496,0.04632733885680206,20,0.7168604806182068,0.06872717179019316,20,0.08967581837204283,0.05760483190311082,20,0.10379125566323022,0.09912221298427445,20,0.18083615559289037,0.16522712148537405,20,0.4882720198211342,0.25818910747577895,20,0.43043554946780205,0.29630549567095327,20,ok,all_pairs
scene0711_00,random,128,44,31,20,0.8222653865814209,0.06257797321861497,20,0.7014422266787316,0.11223406470130708,20,0.12082315990268935,0.10239554972783581,20,0.06738267179893206,0.056156023858523016,20,0.12197549670413206,0.10479359708998322,20,0.514851978245427,0.19900642222604736,20,0.47220216542482374,0.24365255750397077,20,ok,all_pairs
scene0711_00,random,128,45,31,20,0.8266376852989197,0.048345687421318666,20,0.7018732618292073,0.09995724015826792,20,0.12476442346971242,0.10222876031548411,20,0.08064801723387006,0.069815873788,20,0.15198274794604533,0.1196485509851361,20,0.49655052711000663,0.19760139698399667,20,0.4585056871175766,0.2427709285505047,20,ok,all_pairs
scene0711_00,random,128,46,31,20,0.8015787303447723,0.04221684133569546,20,0.7163738047350169,0.057972114017925895,20,0.08520492560975554,0.051951414621750486,20,0.10436083138122727,0.10407254669107713,20,0.17917174918490567,0.16286750731662217,20,0.46495050035179064,0.2086404616345832,20,0.39379823952913284,0.22838781097933572,20,ok,all_pairs
scene0711_00,random,256,42,31,20,0.8064323097467423,0.07192298364483124,20,0.6537372105546466,0.1270065793282918,20,0.15269509919209562,0.12039693600697614,20,0.11671160075579352,0.09273596444459732,20,0.1952415680244681,0.15118111914210344,20,0.45737507351074236,0.21457234989813515,20,0.3857596546411514,0.23348988229300904,20,ok,all_pairs
scene0711_00,random,256,43,31,20,0.8362327575683594,0.04250725139875277,20,0.7339019032658508,0.09042700599031163,20,0.10233085430250857,0.08596158833705335,20,0.09158323969935171,0.08899631073148961,20,0.16956251890487212,0.15298456653763157,20,0.4791980281204946,0.1997914386851959,20,0.41843512915074826,0.23721545272263647,20,ok,all_pairs
scene0711_00,random,256,44,31,20,0.8073225080966949,0.053777332339472496,20,0.7020788373560382,0.09672217725376189,20,0.10524367074065685,0.08678651375920522,20,0.07804126211919094,0.08172970876691447,20,0.13905082804827176,0.1384950281099763,20,0.5143560817422447,0.186791909294277,20,0.4511372596025467,0.226692331348825,20,ok,all_pairs
scene0711_00,random,256,45,31,20,0.815222954750061,0.06572688380227763,20,0.6748614850568833,0.12510558878045036,20,0.1403614696931778,0.11790098402364062,20,0.0893262242001647,0.07335278409077818,20,0.16014354815738768,0.12697278358011369,20,0.4918241550744578,0.2087498264042602,20,0.4549369983375072,0.2464310833984612,20,ok,all_pairs
scene0711_00,random,256,46,31,20,0.8088123828172684,0.0452689403464541,20,0.6990255308263933,0.08201824882081735,20,0.10978685199087512,0.08109145665146,20,0.10140392794593253,0.08956261050961861,20,0.18379855596342054,0.16110901051497947,20,0.474326385262511,0.2197106830348176,20,0.41394134908914565,0.2579083508368516,20,ok,all_pairs
scene0711_00,random,384,42,31,20,0.815800815820694,0.06024155105919535,20,0.6932364119969555,0.10339710615666518,20,0.12256440382373832,0.09522309696428576,20,0.11830382621889461,0.10093013350024937,20,0.1998170281706656,0.16143103320879584,20,0.454838352078347,0.2188436975408185,20,0.39334830418229105,0.25447189708694196,20,ok,all_pairs
scene0711_00,random,384,43,31,20,0.818468165397644,0.04885178183892303,20,0.691897888208151,0.10901529038050606,20,0.12657027718949299,0.10376808818559351,20,0.09623946261658926,0.09464479840631224,20,0.17759568666164793,0.15647803099806976,20,0.4771967674394514,0.20920544583111428,20,0.4074626035988331,0.24387058103414536,20,ok,all_pairs
scene0711_00,random,384,44,31,20,0.9856597065925599,0.006039564776538813,20,0.9758616237604409,0.010636889419337457,20,0.009798082832118776,0.009376810025970643,20,0.08241957612184687,0.07599483035396686,20,0.14975513298702386,0.1323964233757885,20,0.5023791589535808,0.20008262174609312,20,0.44286369532346725,0.23162391491547604,20,ok,all_pairs
scene0711_00,random,384,45,31,20,0.9865383505821228,0.0062333582830210845,20,0.9768070515134367,0.010155710088564397,20,0.009731299068686094,0.00887079020175033,20,0.08262135094556103,0.0701906211075294,20,0.15382186918516155,0.11883868072105928,20,0.4982336298665693,0.21756394875441348,20,0.47010396495461465,0.27138657001791766,20,ok,all_pairs
scene0711_00,random,384,46,31,20,0.797870472073555,0.048698140274677636,20,0.6900108511328006,0.08294547288690844,20,0.10785962094075438,0.07651812065296201,20,0.10217169888689004,0.0927849297182076,20,0.18413468851652248,0.16157325725997493,20,0.4763528490668783,0.22212153910659574,20,0.4306919056922197,0.27952558550456036,20,ok,all_pairs
scene0711_00,random,512,42,31,20,0.8061196208000183,0.0645298007141864,20,0.6882883112465006,0.1041360273309221,20,0.1178313095535178,0.0898371925531699,20,0.1102590498535472,0.09213586145866383,20,0.19005387815901856,0.15344570353818393,20,0.46602998525877526,0.22340860766287343,20,0.40907759964466095,0.2570418755530899,20,ok,all_pairs
scene0711_00,random,512,43,31,20,0.8144007891416549,0.05160267374647422,20,0.6849098443208101,0.11172311205602128,20,0.12949094482084483,0.10631267396991567,20,0.09332527125830575,0.09066497753752233,20,0.1735195911597924,0.15863261817043273,20,0.4702460308090769,0.1986918986739462,20,0.4032410018146038,0.24636350266730686,20,ok,all_pairs
scene0711_00,random,512,44,31,20,0.9829629451036453,0.00652134070639181,20,0.9719313925320499,0.01140297791195616,20,0.011031552571595427,0.010133038830134368,20,0.09208977444287104,0.08139659694305808,20,0.16405340909126473,0.1384258326933166,20,0.49222896756427986,0.21245721239983192,20,0.43870236724615097,0.25911696204239787,20,ok,all_pairs
scene0711_00,random,512,45,31,20,0.9834636688232422,0.00690269946358557,20,0.9723853622102524,0.011194060402057065,20,0.011078306612989813,0.009741019208818903,20,0.09540506154493575,0.0823391879355295,20,0.16839000424781908,0.13067164525994682,20,0.47953443803263773,0.22126680091345233,20,0.42528567016124724,0.2667535157800981,20,ok,all_pairs
scene0711_00,random,512,46,31,20,0.7922036945819855,0.0472225764078852,20,0.6746229760299152,0.087395693916249,20,0.11758071855207038,0.0818522518551549,20,0.09943618419403284,0.09271374504739742,20,0.177526530895533,0.15537204771773885,20,0.47911167688520956,0.21216494331305003,20,0.4266899436712265,0.2699319117360535,20,ok,all_pairs
scene0711_00,random,768,42,31,20,0.7967382341623306,0.056688714513744264,20,0.684214410389379,0.09264552581175158,20,0.11252382377295152,0.08119385885086779,20,0.1169610910187074,0.09726773796237696,20,0.2038921438061528,0.16541137946028014,20,0.4623999119133109,0.2272237111750834,20,0.40601170510053636,0.2732973550321638,20,ok,all_pairs
scene0711_00,random,768,43,31,20,0.801865565776825,0.050622553195557626,20,0.6688118303509268,0.11090993725095954,20,0.1330537354258981,0.103191526096813,20,0.09616567500843567,0.08600650286899991,20,0.16999096541930225,0.14383064989179722,20,0.4824995015197815,0.2054605874986375,20,0.41849901154637337,0.2483850729577328,20,ok,all_pairs
scene0711_00,random,768,44,31,20,0.9743072509765625,0.011259122942732248,20,0.956277532920186,0.018647493520591796,20,0.01802971805637647,0.01682800118896091,20,0.09284597833657536,0.08427998196355833,20,0.16570011874006893,0.14345336474214251,20,0.4936454143505271,0.22340384694650062,20,0.4406637139618397,0.2716241496801469,20,ok,all_pairs
scene0711_00,random,768,45,31,20,0.9758432328701019,0.010459230243521926,20,0.9588959998029285,0.016879848322416006,20,0.016947233067173273,0.015240184949364027,20,0.10703492751407159,0.09184714465351256,20,0.18673984893475468,0.15258247251582893,20,0.4773560639617405,0.23846622697509776,20,0.42809599339962007,0.2979844465101571,20,ok,all_pairs
scene0711_00,random,768,46,31,20,0.9777822315692901,0.006519770701170573,20,0.9657921230422103,0.010934328166101634,20,0.011990108527079924,0.009144692259255007,20,0.10322694072859677,0.09122967109566833,20,0.18657487198814376,0.15541694191857236,20,0.48096052540199075,0.23225158999232445,20,0.424017196148634,0.28302570313733844,20,ok,all_pairs
scene0711_00,random,1024,42,31,20,0.8048568427562713,0.050539060119804795,20,0.6898502051673835,0.09034009633649587,20,0.11500663758888778,0.08302862229269868,20,0.11165973450935023,0.09647235893524873,20,0.20081576071465762,0.16911659427565892,20,0.46964697197212546,0.23654189254948407,20,0.4116019379347563,0.27950209935499676,20,ok,all_pairs
scene0711_00,random,1024,43,31,20,0.7959512591361999,0.05421513331362521,20,0.6604615847135145,0.11065771274138096,20,0.1354896744226855,0.10395446978014158,20,0.09332065155450711,0.09002180099228327,20,0.16751367933394862,0.1531551716313786,20,0.4808870538666878,0.21600134508257385,20,0.41898426562547686,0.25402670357575213,20,ok,all_pairs
scene0711_00,random,1024,44,31,20,0.9690009593963623,0.012444117246146162,20,0.9489002273280525,0.02021435963894538,20,0.02010073206830968,0.017895193190152724,20,0.09785322851934733,0.09059016019356414,20,0.17384754944187802,0.14889582383531372,20,0.4897840276843131,0.230377554615423,20,0.43808041960000993,0.27988936019503413,20,ok,all_pairs
scene0711_00,random,1024,45,31,20,0.9698216110467911,0.011222000565630986,20,0.9496612980851742,0.01882426237218306,20,0.02016031296161695,0.01710284572089217,20,0.1038604924019541,0.09139822596538907,20,0.18422916028733294,0.15408313025427056,20,0.4840649148581437,0.2411906973790245,20,0.4321446716785431,0.30491790837269894,20,ok,all_pairs
scene0711_00,random,1024,46,31,20,0.9710595399141312,0.009061131668087353,20,0.9541211951347149,0.01565652172198143,20,0.016938344779416185,0.013368200235077472,20,0.10194038728687989,0.08716713923330274,20,0.18228075726637782,0.15302519071908854,20,0.48277496443675105,0.22560860396842083,20,0.4267893902957439,0.2810353412476482,20,ok,all_pairs
scene0707_00,ablation_iterative,128,0,30,30,0.8197188516457875,0.046367282840300575,30,0.5858299668229676,0.05297830012652932,30,0.23388888482281991,0.04855079361105053,30,0.44754786521933093,0.14419278508780578,30,0.6577855078936625,0.15510602152455263,30,0.14582896846114438,0.08488763215356686,30,0.07871131685872873,0.037231578153590995,30,ok,within_chunk
scene0707_00,ablation_iterative,256,0,30,30,0.8474843720595042,0.03440921100658776,30,0.6340279267497849,0.05292919614378705,30,0.21345644530971938,0.04730281333286946,30,0.45557512623311675,0.14843425860761764,30,0.6696893906762291,0.15711942945536106,30,0.13449002996659998,0.07250833356083337,30,0.07634092842539152,0.03037864905589987,30,ok,within_chunk
scene0707_00,ablation_iterative,384,0,30,30,0.8527214248975118,0.03163780653478502,30,0.6625906065360373,0.04593827127575519,30,0.19013081836147447,0.04219808101318019,30,0.4574587350865261,0.14454131906633877,30,0.6631585904032701,0.154836765409523,30,0.1323448016583416,0.06679358023003054,30,0.07594008619586627,0.03207601991158235,30,ok,within_chunk
scene0707_00,ablation_iterative,512,0,30,30,0.8602912227312723,0.029307215746396633,30,0.6873222714461298,0.04265899723214916,30,0.17296895128514275,0.0395764404897956,30,0.45721274449524096,0.13972450072927817,30,0.662617673386943,0.15142789835076875,30,0.13123234316172858,0.05904315669498642,30,0.07566600975890954,0.028435670801468235,30,ok,within_chunk
scene0707_00,ablation_iterative,768,0,30,30,0.8703896959622701,0.02842237708593893,30,0.717577416260566,0.037306625991717975,30,0.15281227970170405,0.033936641514769585,30,0.44517836476842043,0.14525972336921988,30,0.6416304050258824,0.1588382926682099,30,0.13708203227883456,0.06108914553043145,30,0.07909279043475786,0.0314345799122951,30,ok,within_chunk
scene0707_00,ablation_iterative,1024,0,30,30,0.8632211844126384,0.02853181588867363,30,0.6949985099618696,0.038175577886102104,30,0.16822267445076858,0.037930386206710055,30,0.43738419355520614,0.14756593917536673,30,0.6373998986147882,0.15583261219361147,30,0.1380125636373783,0.06114987924337977,30,0.07958001332978408,0.030408558123287167,30,ok,within_chunk
scene0707_00,ablation_once,128,0,30,30,0.8614192605018616,0.03307429147629399,30,0.7104026998436967,0.04420883081073748,30,0.15101656065816454,0.03635406208991989,30,0.31579148497185083,0.12257918631110479,30,0.47664496012468666,0.13106287586276721,30,0.22436868996228437,0.10102138123572471,30,0.1278795775026083,0.06599439746343012,30,ok,within_chunk
scene0707_00,ablation_once,256,0,30,30,0.8542126139005025,0.031392308105547224,30,0.6906269733944969,0.041642199203692415,30,0.16358564050600574,0.03764517973531288,30,0.3894987898383793,0.13774519553710995,30,0.5714885708023314,0.14928276676567978,30,0.16790818868492177,0.07364099179340446,30,0.09561117514967918,0.04870963335078114,30,ok,within_chunk
scene0707_00,ablation_once,384,0,30,30,0.8608811696370443,0.031359390698231154,30,0.6881475107752398,0.04184588783075719,30,0.1727336588618045,0.03925428283105546,30,0.4127833747407558,0.13894589574757082,30,0.5996537895369719,0.14779735539829422,30,0.15617457907798707,0.06991630007282033,30,0.08964255228638648,0.04205226753867007,30,ok,within_chunk
scene0707_00,ablation_once,512,0,30,30,0.8626177966594696,0.030009394740882094,30,0.6926614078853367,0.03911358152814509,30,0.16995638877413305,0.037523078779566336,30,0.4281212271649691,0.13827598122415521,30,0.6198823681188361,0.14785007578357653,30,0.14924207628793815,0.07046054551733498,30,0.08681436777114868,0.040873788564212386,30,ok,within_chunk
scene0707_00,ablation_once,768,0,30,30,0.8543257037798564,0.03122613719443947,30,0.672138491433627,0.042905695684041296,30,0.18218721234622925,0.04103262532428475,30,0.4416689411245136,0.1447395093941064,30,0.6413552053913146,0.1538235144242822,30,0.13532155211741712,0.06086162171089138,30,0.08060227024058501,0.03248753599458398,30,ok,within_chunk
scene0707_00,ablation_once,1024,0,30,30,0.8632211844126384,0.02853181588867363,30,0.6949985099618696,0.038175577886102104,30,0.16822267445076858,0.037930386206710055,30,0.43738419355520614,0.14756593917536673,30,0.6373998986147882,0.15583261219361147,30,0.1380125636373783,0.06114987924337977,30,0.07958001332978408,0.030408558123287167,30,ok,within_chunk
scene0707_00,centered_full,1536,0,30,30,0.6763544619083405,0.06329102531251588,30,0.2773555432668594,0.10230212351590687,30,0.39899891864148107,0.11431921556204351,30,0.398582515006758,0.12957151342609405,30,0.5902299236502174,0.14263088080409683,30,0.1647334915323808,0.06886569782971708,30,0.09199833186964194,0.042552595695266614,30,ok,within_chunk
scene0707_00,original,1536,0,30,30,0.9758645832538605,0.005414271024180326,30,0.942537209752314,0.008375127825570912,30,0.03332737350154643,0.008930401630597674,30,0.39524608449427207,0.12681208406044037,30,0.5931981751097635,0.14467618405282195,30,0.16235513260195958,0.07241232840216481,30,0.09051294674475988,0.04364595811837188,30,ok,within_chunk
scene0707_00,pca,128,0,30,30,0.7314471960067749,0.06677724780136958,30,0.3094059730043917,0.11487602230409126,30,0.4220412230023832,0.12889899199484467,30,0.3562169522004641,0.13507130528841668,30,0.5393281795285834,0.1543280789518012,30,0.18630636048128715,0.07866347687258556,30,0.1055165079732736,0.04661708295767621,30,ok,within_chunk
scene0707_00,pca,256,0,30,30,0.7014181951681773,0.06445438793411286,30,0.29203055216987944,0.10921017104789264,30,0.40938764299829783,0.12165989286272376,30,0.3777576604779268,0.12780069835424882,30,0.5618915451211989,0.14873913770437822,30,0.1760440580181898,0.07267833094475755,30,0.10021977288027605,0.04470876366798441,30,ok,within_chunk
scene0707_00,pca,384,0,30,30,0.6924197872479757,0.06390838577387752,30,0.2862894405085956,0.10678749846617137,30,0.4061303467393801,0.11899865503454897,30,0.38884877168434706,0.12776780348073516,30,0.5756214161833741,0.1430684814229069,30,0.17120063354491857,0.07085547315469483,30,0.09637814288338026,0.04319252161059588,30,ok,within_chunk
scene0707_00,pca,512,0,30,30,0.6872527480125428,0.06363464162910869,30,0.2832990602398582,0.10539389153618066,30,0.40395368777268453,0.11751694869987044,30,0.3905130300774671,0.12849303184864436,30,0.5802168379177803,0.14350107625847597,30,0.16889708812178086,0.07003789006748629,30,0.09560227530697982,0.04307107414228465,30,ok,within_chunk
scene0707_00,pca,768,0,30,30,0.6815654655297597,0.06343755165523372,30,0.28013376449172933,0.1038306459913124,30,0.40143170103803044,0.11586353594552448,30,0.39421627811902726,0.13063820123477451,30,0.5857251790343132,0.1436115624533521,30,0.16611579446275535,0.06965113374996652,30,0.09346334983905157,0.04313768382897106,30,ok,within_chunk
scene0707_00,pca,1024,0,30,30,0.678748095035553,0.06336691584742199,30,0.27867203626302334,0.10300213417676207,30,0.40007605877252966,0.11501943283486947,30,0.39609114927930766,0.12991110677889123,30,0.5874328613009311,0.14223366844432786,30,0.16552985366131207,0.06906333409160287,30,0.09277231742938359,0.04235912110916411,30,ok,within_chunk
scene0707_00,random,128,42,30,30,0.8972525119781494,0.03464756285244077,30,0.7463713612674651,0.05193196717061506,30,0.15088115071068442,0.041204684235685615,30,0.3594879250335687,0.13113894139851928,30,0.5445048673049495,0.1557492256753216,30,0.17615466268870453,0.06976998300226206,30,0.10358308590948581,0.04993521633242097,30,ok,within_chunk
scene0707_00,random,128,43,30,30,0.8722445686658223,0.02720766716172208,30,0.712253492389357,0.04389558993498198,30,0.15999107627646547,0.04266049178496687,30,0.3661940753375698,0.14286115518799922,30,0.542226131042966,0.15166657706537054,30,0.18657322634922133,0.0784217633122516,30,0.10711060973505179,0.057014502014203966,30,ok,within_chunk
scene0707_00,random,128,44,30,30,0.9065807223320007,0.02472885840133992,30,0.7644032068211044,0.03623866909857756,30,0.14217751551089636,0.03718505875608076,30,0.32631892740005786,0.11753361288932494,30,0.5066135958608873,0.1450229237746576,30,0.2046724870140618,0.0893525674775717,30,0.12096846116085848,0.06686836478424918,30,ok,within_chunk
scene0707_00,random,128,45,30,30,0.8991466661294302,0.01939608934476452,30,0.7593503899397399,0.03424157026933709,30,0.1397962761896902,0.0387739635999086,30,0.34373375109469695,0.11388269883536328,30,0.5190487697965454,0.12641255264236692,30,0.1913416730297828,0.07301988612602871,30,0.11014337912201881,0.05174346725255119,30,ok,within_chunk
scene0707_00,random,128,46,30,30,0.8565501213073731,0.032051045907864645,30,0.6972840657673195,0.04090648426385154,30,0.1592660555400537,0.037097302542846794,30,0.3530274765011886,0.12035852327698991,30,0.5264704499933617,0.14005101612281787,30,0.1884636629370654,0.07671846304001063,30,0.10844443080325922,0.05513334255757894,30,ok,within_chunk
scene0707_00,random,256,42,30,30,0.8916881660620372,0.03370357691366951,30,0.7401033453741357,0.05443597728655012,30,0.1515848206879014,0.04298843434693268,30,0.39214450715953475,0.13484708769746942,30,0.580914332821166,0.14846378396468313,30,0.16321199939956016,0.07116465379039948,30,0.09279363664487998,0.03924912949762712,30,ok,within_chunk
scene0707_00,random,256,43,30,30,0.9094610353310902,0.023272929137644668,30,0.780336721466925,0.03512291626144408,30,0.12912431386416526,0.03621875207785269,30,0.37316154813917013,0.12898663534347515,30,0.5582811705225564,0.1475509409935442,30,0.17569169359118472,0.07501776977803856,30,0.09839751832187175,0.04211811724640461,30,ok,within_chunk
scene0707_00,random,256,44,30,30,0.8917657613754273,0.02508916180450946,30,0.7476363773052228,0.03195108081246843,30,0.1441293840702045,0.034805831160081235,30,0.3583061501845866,0.12638803836491228,30,0.5457499791743742,0.15077009740841626,30,0.1898624355579457,0.08072100918650169,30,0.10539204912881056,0.05287910117633838,30,ok,within_chunk
scene0707_00,random,256,45,30,30,0.9073123852411906,0.024304947807792406,30,0.7726635260880584,0.03370539378597599,30,0.1346488591531322,0.034946093338362245,30,0.371412201211978,0.12792444061598754,30,0.5580516585916173,0.14711423823735587,30,0.17068056274811508,0.07412569911882853,30,0.10138410938282807,0.0479931725885812,30,ok,within_chunk
scene0707_00,random,256,46,30,30,0.8774744470914205,0.028165496445200593,30,0.7297043672194867,0.038371797509970246,30,0.14777007987193372,0.03660287334421758,30,0.38443785222399196,0.1293617162302794,30,0.5798561039416346,0.14391754279334465,30,0.16079832966291824,0.06509712648428731,30,0.0968392559637626,0.04508105270239411,30,ok,within_chunk
scene0707_00,random,384,42,30,30,0.8916678587595622,0.029995930196987968,30,0.7522345810313632,0.04178643763675135,30,0.13943327772819894,0.034840636262958184,30,0.39281933816897613,0.13857699925147887,30,0.5823715082998624,0.1528531279314762,30,0.16156766481617646,0.06910880606246533,30,0.09223499620954195,0.041750751727727194,30,ok,within_chunk
scene0707_00,random,384,43,30,30,0.8994384964307149,0.029564806041125585,30,0.7635488264531461,0.04270301136957528,30,0.13588966997756866,0.036873567808125694,30,0.38250763197773874,0.13381479531594695,30,0.567913568230104,0.15408238213648506,30,0.16685421528399774,0.06820284211186065,30,0.0948886108895143,0.035416173375007916,30,ok,within_chunk
scene0707_00,random,384,44,30,30,0.9924025475978852,0.0017400636722446669,30,0.9806915715905647,0.0032362304335255493,30,0.01171097600732022,0.0033132541562072727,30,0.3655486589106206,0.1265280430831606,30,0.55232206317359,0.15027054368596351,30,0.18339265204478175,0.07696190600262041,30,0.10393779401977857,0.049946103363349384,30,ok,within_chunk
scene0707_00,random,384,45,30,30,0.9927233139673869,0.00167547705470572,30,0.9821780712349812,0.002547154760598885,30,0.010545242732405606,0.0026959434700464355,30,0.3641459949704471,0.1283917226820694,30,0.5471495098477478,0.1476795378424487,30,0.18055287422743113,0.07420036925412427,30,0.104790448397398,0.05106094320357072,30,ok,within_chunk
scene0707_00,random,384,46,30,30,0.8748000284036,0.02773642852272193,30,0.7280454124527233,0.03749583254926071,30,0.14675461595087677,0.03611439041706514,30,0.38464734827766905,0.13287669548879028,30,0.5735003626705789,0.1465804326270852,30,0.1625486629698186,0.06609325832124197,30,0.0982836494843165,0.04890590493941864,30,ok,within_chunk
scene0707_00,random,512,42,30,30,0.8839567999045054,0.030171639037400506,30,0.7421487546044353,0.04035904409926728,30,0.1418080453000702,0.03456611451367597,30,0.39613735020164664,0.1319131566903921,30,0.586405086189488,0.15208979234765893,30,0.1620954622856804,0.07459739394501759,30,0.09105979142089685,0.04268738068001464,30,ok,within_chunk
scene0707_00,random,512,43,30,30,0.8970366259415944,0.03009682113992842,30,0.7586209405951028,0.044403404897574834,30,0.13841568534649168,0.03754264003836736,30,0.3990330590544254,0.1366546063912794,30,0.5868134869520071,0.15061702263335314,30,0.15770909650952344,0.06217865440866933,30,0.0914066215356191,0.035622995403358136,30,ok,within_chunk
scene0707_00,random,512,44,30,30,0.9905370553334554,0.0021115680326396764,30,0.9767548032590959,0.0036777210070296144,30,0.013782252074359635,0.003716790318513666,30,0.3763300040089614,0.1296262689651208,30,0.5672467982345523,0.15071964121362366,30,0.17520252937532893,0.0778205647018926,30,0.09817506248752277,0.04334353126943974,30,ok,within_chunk
scene0707_00,random,512,45,30,30,0.990661484003067,0.002081124281052098,30,0.9779256856362796,0.002979006239966883,30,0.012735798366787354,0.003081261877565385,30,0.3791951229305464,0.12721392203397727,30,0.5623668785835406,0.15024470454380515,30,0.17009141622751037,0.07217004221011541,30,0.09957176807026068,0.052060505307882206,30,ok,within_chunk
scene0707_00,random,512,46,30,30,0.876023946205775,0.030955462485733283,30,0.7189047968177728,0.04183060068682679,30,0.15711914938800214,0.04199975303149841,30,0.39173173550599344,0.12313893425530721,30,0.583819914985458,0.13506502020994685,30,0.15857599783424428,0.06260333766976896,30,0.09313735365867615,0.04433092287129893,30,ok,within_chunk
scene0707_00,random,768,42,30,30,0.8750989377498627,0.03011224107057545,30,0.7252502684613522,0.038369668074286774,30,0.14984866928851048,0.03451280646122248,30,0.4098788174176294,0.14050142186583003,30,0.6018456233491514,0.15294792237348306,30,0.1543880878405822,0.07109142434451725,30,0.09023571449021499,0.04148569466943474,30,ok,within_chunk
scene0707_00,random,768,43,30,30,0.8874273618062337,0.03352458630558785,30,0.7320474126170431,0.047502775904706564,30,0.15537994918919049,0.04412608401277389,30,0.39464374899794097,0.13516860723695837,30,0.5861801378284236,0.14912676179133622,30,0.15748108906457137,0.060493789970318776,30,0.09208300138513247,0.03613303674488628,30,ok,within_chunk
scene0707_00,random,768,44,30,30,0.98637801806132,0.003111259301808202,30,0.9667116511105072,0.005045078789620759,30,0.019666366950812857,0.005260096939088737,30,0.3840671462872189,0.12558308379053426,30,0.5735146142877378,0.15066659649755068,30,0.17285433150179705,0.07759011780638268,30,0.09945673855642477,0.04906787448616942,30,ok,within_chunk
scene0707_00,random,768,45,30,30,0.9864625970522563,0.003057440525344219,30,0.967658235625337,0.004458135335284305,30,0.018804361426919162,0.0046892559644491575,30,0.3913910722967077,0.1327375868727676,30,0.5839806208281441,0.14588287783567608,30,0.16401992630086365,0.07190648049605201,30,0.0937707661340634,0.04332841106459041,30,ok,within_chunk
scene0707_00,random,768,46,30,30,0.9864501456419627,0.003019271535968429,30,0.9688597979620982,0.004529852814979938,30,0.017590347679864407,0.00472119073160501,30,0.39133592844547055,0.13206153247327218,30,0.5851163893206276,0.14381010591790827,30,0.1639867647426015,0.06621081739074565,30,0.09434938120345275,0.04743921454662072,30,ok,within_chunk
scene0707_00,random,1024,42,30,30,0.8830227176348369,0.02846508419287699,30,0.7323338605795654,0.03605117822157402,30,0.15068885705527138,0.03527221560298225,30,0.41442541657145243,0.13820279915629813,30,0.6061636219340906,0.1485810956939841,30,0.15167938121923089,0.06980943631425085,30,0.08897345314423243,0.04212684373728525,30,ok,within_chunk
scene0707_00,random,1024,43,30,30,0.8860730508963267,0.03265939842733307,30,0.7305414487656827,0.04405436850156626,30,0.15553160213064407,0.04112757321232723,30,0.4014329300428707,0.1334088493435579,30,0.5992146784864437,0.14081772875361637,30,0.15589590252818558,0.06454031201045014,30,0.08696252306302389,0.036428697453530466,30,ok,within_chunk
scene0707_00,random,1024,44,30,30,0.9827160139878591,0.003796443854332492,30,0.9590138552094302,0.005847594421192494,30,0.023702158778428895,0.006089218014772491,30,0.3915031548309196,0.1308050305690692,30,0.588341595221983,0.14953690384213744,30,0.16708862250509662,0.07392545267184401,30,0.09438895285129548,0.047223727767973026,30,ok,within_chunk
scene0707_00,random,1024,45,30,30,0.9827286819616954,0.003962954420231495,30,0.9585815462932143,0.006069455836041073,30,0.024147135668480955,0.006436091882572779,30,0.38980424967498356,0.13265158776566363,30,0.5836580171009619,0.1407950619569883,30,0.1645690332431474,0.07351613706601111,30,0.09135369385282198,0.042022226734008065,30,ok,within_chunk
scene0707_00,random,1024,46,30,30,0.9827491740385691,0.003854641786799098,30,0.9597028461007786,0.005836524963930375,30,0.023046327937790722,0.0061845407897680215,30,0.3955700034403787,0.12628354292372856,30,0.5907431811965844,0.13539070556514585,30,0.16261039801614274,0.06817322498379254,30,0.09087666931251685,0.04122322455075709,30,ok,within_chunk
scene0708_00,ablation_iterative,128,0,30,30,0.7666150311628978,0.057025898524272194,30,0.5084070632850375,0.04671722065153082,30,0.2582079678778604,0.06140010759285242,30,0.4446895606079671,0.18217440973120205,30,0.5050996270454967,0.17562053822611706,30,0.27501184129846173,0.18177903271643717,30,0.14859780259430408,0.1509419655934651,30,ok,within_chunk
scene0708_00,ablation_iterative,256,0,30,30,0.7862189372380575,0.05213686766304204,30,0.5502892822049245,0.040649620661935684,30,0.23592965503313298,0.053290286905165435,30,0.48069313616084913,0.1748386083254382,30,0.53802065435437,0.1777741667784818,30,0.2473388496258953,0.16328573033927335,30,0.13233297175417344,0.13421763997508418,30,ok,within_chunk
scene0708_00,ablation_iterative,384,0,30,30,0.7928545852502187,0.050330515224492695,30,0.5674384336476174,0.03545860043109352,30,0.22541615160260114,0.05077490201203199,30,0.47187611822611786,0.17546489825904937,30,0.5315666226180855,0.1726615514057348,30,0.25212128726281724,0.1698463296859716,30,0.13766617141664028,0.14676819422560827,30,ok,within_chunk
scene0708_00,ablation_iterative,512,0,30,30,0.8296130041281382,0.040990449323079534,30,0.6485508438914237,0.029982275210169617,30,0.1810621602367145,0.0385671974544474,30,0.46862466555476073,0.17694226288218906,30,0.5281137369576608,0.17929501676933263,30,0.24733918007921854,0.17074619024970394,30,0.13837009904285272,0.14551167232850923,30,ok,within_chunk
scene0708_00,ablation_iterative,768,0,30,30,0.8459022879600525,0.039534700394974594,30,0.6907933598486017,0.031773427976263174,30,0.15510892811145066,0.033182263153348865,30,0.4512461843594448,0.19546819763233442,30,0.5190217444474061,0.1947383863933185,30,0.26037502561382536,0.18693998826301478,30,0.15912392077346643,0.1826222104188897,30,ok,within_chunk
scene0708_00,ablation_iterative,1024,0,30,30,0.8581357598304749,0.03693050548999322,30,0.719221276223146,0.03180152094694549,30,0.1389144836073289,0.031154842432564046,30,0.4206077166455818,0.186952369776792,30,0.4901611000042472,0.19167980609304575,30,0.2783774724323413,0.17673786688862875,30,0.17009374226133028,0.15036344505974564,30,ok,within_chunk
scene0708_00,ablation_once,128,0,30,30,0.8425360679626465,0.03905649064141648,30,0.7020889187988885,0.04333486063480725,30,0.14044714916375803,0.038756059139532485,30,0.3234891684581225,0.16153747710762875,30,0.37487310268986446,0.16055985284976157,30,0.38510976221348764,0.22895497226831205,30,0.26181754233936466,0.21923085982662813,30,ok,within_chunk
scene0708_00,ablation_once,256,0,30,30,0.8310800015926361,0.0409059840772657,30,0.6654137993372622,0.04280917077295203,30,0.1656662022553738,0.04333155745883423,30,0.379275274721369,0.175723668817035,30,0.4356255444947933,0.1857994816232672,30,0.3156556319907746,0.18543892876614987,30,0.19285759677489597,0.16351485211668637,30,ok,within_chunk
scene0708_00,ablation_once,384,0,30,30,0.852185728152593,0.037956566740481416,30,0.7046789562206239,0.036285181196977094,30,0.1475067719319689,0.03512322896745754,30,0.41202661451017547,0.17707528017967378,30,0.4713364093659865,0.17891644752058852,30,0.29023118478585375,0.16451869792042892,30,0.16385175933440527,0.13269031371015538,30,ok,within_chunk
scene0708_00,ablation_once,512,0,30,30,0.8549390693505605,0.036982718516346734,30,0.7100396885742765,0.03493559578520356,30,0.1448993807762842,0.03310043663337953,30,0.42274489224115946,0.1874120441074632,30,0.47979576338628926,0.19171705999443292,30,0.2794702731760689,0.16577183761169692,30,0.164967193454504,0.1474621376440254,30,ok,within_chunk
scene0708_00,ablation_once,768,0,30,30,0.8490054090817769,0.03972579427201914,30,0.6979600678340615,0.03612597841309851,30,0.1510453412477155,0.03382078824505075,30,0.4291046919661047,0.19396080459610254,30,0.4930944984479335,0.19722255479001355,30,0.27799184380135566,0.1797483475237018,30,0.16594241832693418,0.14276913181490503,30,ok,within_chunk
scene0708_00,ablation_once,1024,0,30,30,0.8581357598304749,0.03693050548999322,30,0.719221276223146,0.03180152094694549,30,0.1389144836073289,0.031154842432564046,30,0.4206077166455818,0.186952369776792,30,0.4901611000042472,0.19167980609304575,30,0.2783774724323413,0.17673786688862875,30,0.17009374226133028,0.15036344505974564,30,ok,within_chunk
scene0708_00,centered_full,1536,0,30,30,0.6960004885991414,0.10392709896193755,30,0.40735114029552916,0.14531585230123334,30,0.2886493483036123,0.09845832059221529,30,0.3841163855146443,0.19629864717811987,30,0.44615407711091265,0.19755339380449413,30,0.3297738746566587,0.22423234142866152,30,0.19756156752506893,0.18342069670083236,30,ok,within_chunk
scene0708_00,original,1536,0,30,30,0.9723758240540822,0.00799748348868155,30,0.9437228555690144,0.009326975987206908,30,0.02865296848506781,0.008559723097044898,30,0.3804643877828243,0.1717502890318195,30,0.44266854283973206,0.1779371912914018,30,0.3257815165388952,0.2094336492834604,30,0.20637893863022327,0.1820332497394901,30,ok,within_chunk
scene0708_00,pca,128,0,30,30,0.7486170669396718,0.11125279276941114,30,0.45681409267009737,0.1656470222573187,30,0.2918029742695744,0.11203848339694956,30,0.33814975269910763,0.1884119755265282,30,0.3897142200026901,0.1885474690376416,30,0.3862427152612134,0.2619910794563255,30,0.28752377970765036,0.3193012823118364,30,ok,within_chunk
scene0708_00,pca,256,0,30,30,0.7202486395835876,0.1077479092085642,30,0.43198242234443834,0.15693028256008992,30,0.2882662172391493,0.10533187156272907,30,0.35614746967982047,0.18215099089253436,30,0.411672930042546,0.1838060044109176,30,0.3645308743613534,0.24548066243738842,30,0.24685987395544848,0.25593811100698083,30,ok,within_chunk
scene0708_00,pca,384,0,30,30,0.7117653717597325,0.10625161306436111,30,0.42325578872412545,0.15294004331402444,30,0.2885095830356071,0.10288404574202,30,0.3674102625081296,0.19228310354552597,30,0.42727202509233014,0.19519486531978728,30,0.3524355605467402,0.24271086996018076,30,0.2395270738750696,0.2529557307987532,30,ok,within_chunk
scene0708_00,pca,512,0,30,30,0.706821205218633,0.1054715031628246,30,0.41813040558208586,0.1505427781623784,30,0.28869079963654715,0.10141146138128242,30,0.3759857292630898,0.1926832597407238,30,0.4360895861010125,0.193487803745973,30,0.3448606062176463,0.23654225824934302,30,0.23531863739093145,0.25103560730640045,30,ok,within_chunk
scene0708_00,pca,768,0,30,30,0.7012079983949662,0.1046882423273334,30,0.4126767171347112,0.14803175255029163,30,0.2885312812602548,0.09991322101338201,30,0.379960679614286,0.1949543073422788,30,0.4410807592866134,0.19648582720435387,30,0.3370181487947592,0.22763259838745697,30,0.20692116046945255,0.19135848188238036,30,ok,within_chunk
scene0708_00,pca,1024,0,30,30,0.6983484754959742,0.10428221905254999,30,0.40983235120238787,0.14661795088838592,30,0.2885161242935864,0.09916410175420398,30,0.3795374176225779,0.19424959833478653,30,0.44217034731408433,0.1961405310704887,30,0.3353929808676329,0.229796528772698,30,0.20857443958520888,0.19510463913225187,30,ok,within_chunk
scene0708_00,random,128,42,30,30,0.8990551789601644,0.03406304972541505,30,0.779202108050535,0.0468592649174549,30,0.1198530709096293,0.037451322004810016,30,0.3484723319268646,0.16358513631342073,30,0.4089618195212133,0.1726154207459666,30,0.3486171148445638,0.2002301890402107,30,0.21080748780320088,0.17331950163451215,30,ok,within_chunk
scene0708_00,random,128,43,30,30,0.8620087603727976,0.03399119533124975,30,0.732642855701686,0.02756052671788777,30,0.12936590467111173,0.03083616906328491,30,0.35117316333551746,0.15196557188092266,30,0.3994960691602071,0.15324730111680815,30,0.3727411555810239,0.20811694010982412,30,0.2203291138013204,0.19271787381319844,30,ok,within_chunk
scene0708_00,random,128,44,30,30,0.8933077255884806,0.03914172485633336,30,0.777211985316501,0.05129860675466937,30,0.11609574027197957,0.04040032661008444,30,0.28890809803628364,0.16280085459110571,30,0.34118630332944905,0.17789336390948907,30,0.4197071713308968,0.25047578237672496,30,0.286523691440622,0.2243575495893165,30,ok,within_chunk
scene0708_00,random,128,45,30,30,0.8834123611450195,0.0351775050885362,30,0.7629119599918343,0.04231618891283094,30,0.1205004011531853,0.03236183575750519,30,0.3192545271634865,0.17113200138910914,30,0.37271352824976156,0.16600327625952788,30,0.3837774000238811,0.22142643674411758,30,0.26646922081708907,0.22486562186600603,30,ok,within_chunk
scene0708_00,random,128,46,30,30,0.8421065350373586,0.03451018006511312,30,0.6940251102248465,0.03357075714456193,30,0.148081424812512,0.03800089530863444,30,0.3238910403643056,0.1443281743112553,30,0.38015532872849533,0.15106681006055897,30,0.37759185478126267,0.2197201966571617,30,0.25204665809869764,0.23009144061577375,30,ok,within_chunk
scene0708_00,random,256,42,30,30,0.9012219746907552,0.038513354375613776,30,0.7934692253935743,0.05430394435344686,30,0.10775274929718082,0.037814736359037565,30,0.37414735119600234,0.17404140642620303,30,0.4352269739727005,0.1819724191505054,30,0.33739951371982113,0.22090188507290656,30,0.21583616628001134,0.20034992858085798,30,ok,within_chunk
scene0708_00,random,256,43,30,30,0.903606383005778,0.03485846141317055,30,0.8080232590857525,0.03652183547867613,30,0.09558312392002545,0.025766199189222547,30,0.3485382489478542,0.16587773049625723,30,0.4058986956096919,0.1680963219026481,30,0.35116406307752096,0.19007184264036847,30,0.22335061219831306,0.17948270116688675,30,ok,within_chunk
scene0708_00,random,256,44,30,30,0.8784493605295817,0.03812769791378251,30,0.7591528583011657,0.04316029362455936,30,0.11929650222841588,0.0348596563576871,30,0.32696033606838965,0.15914221210130527,30,0.38638005748383425,0.17009362041367038,30,0.3765854651004206,0.22139627608596987,30,0.24636755138635635,0.20940425795149675,30,ok,within_chunk
scene0708_00,random,256,45,30,30,0.9027071634928385,0.03593909907987244,30,0.797759084938057,0.04896321600572709,30,0.1049480785547816,0.035891368990516447,30,0.3503163330238906,0.17934341894371916,30,0.4047458507735014,0.17626366582212435,30,0.3633997894836087,0.2192793359270075,30,0.22443946860730649,0.19258232882073215,30,ok,within_chunk
scene0708_00,random,256,46,30,30,0.8626283089319865,0.037113761217990975,30,0.7341170843026078,0.03744218120254892,30,0.1285112246293788,0.03133025644422174,30,0.34019788761476505,0.1652274190852596,30,0.4083692814144777,0.16314185137189308,30,0.32596180083208265,0.18693569898884424,30,0.21375099420547486,0.18813961573356586,30,ok,within_chunk
scene0708_00,random,384,42,30,30,0.8936970392862956,0.03839988781554637,30,0.7857320376108398,0.045729437455227354,30,0.10796500167545586,0.03262910291537177,30,0.37889911056100806,0.18062425124717357,30,0.439959923413755,0.18349676589667427,30,0.3387676998094672,0.23373288257459246,30,0.22376945366462073,0.2039540672736938,30,ok,within_chunk
scene0708_00,random,384,43,30,30,0.8969141284624735,0.04195447934127752,30,0.7968958313004485,0.047843002761603026,30,0.10001829716202491,0.030528548721310417,30,0.37433628162543264,0.1759069002472911,30,0.43225990881022935,0.17213768008179525,30,0.352989511810436,0.24778510639727627,30,0.24069025280574957,0.24715904076899023,30,ok,within_chunk
scene0708_00,random,384,44,30,30,0.9911776721477509,0.002636731083561435,30,0.9812177952325908,0.003906833851965567,30,0.009959876915160145,0.003646888274141052,30,0.3412692443365851,0.16301160743362536,30,0.39906795927092215,0.17271201624881072,30,0.36298475916463924,0.21216848360732124,30,0.24771193489432336,0.21593693409225723,30,ok,within_chunk
scene0708_00,random,384,45,30,30,0.9915950814882915,0.002490890035512335,30,0.9823167960435655,0.0033769086484393175,30,0.009278285444725998,0.003148110361709015,30,0.3618404111067071,0.1802335831277736,30,0.4184265557165851,0.18192553106423298,30,0.3540801777974061,0.21209103159793288,30,0.22176063445707161,0.1844865010429488,30,ok,within_chunk
scene0708_00,random,384,46,30,30,0.8591482241948446,0.037559800920847874,30,0.734616819513623,0.03530457750646001,30,0.12453140468122138,0.02966136831339223,30,0.3391646495739788,0.17213805200412519,30,0.40044669946455297,0.16969233205731984,30,0.3333750695779568,0.19477862808567348,30,0.21425205692648888,0.18572755121428067,30,ok,within_chunk
scene0708_00,random,512,42,30,30,0.8849207401275635,0.03742030023064524,30,0.7737580030074294,0.044349769404485775,30,0.11116273712013412,0.032388596058732524,30,0.38392852026484015,0.18887572993446228,30,0.4432699310479462,0.18914609156047607,30,0.3242937742843015,0.2101243656101264,30,0.2197895764062802,0.19325802906691267,30,ok,within_chunk
scene0708_00,random,512,43,30,30,0.8957703749338786,0.04034408856038311,30,0.7935504047681748,0.04827293276811871,30,0.10221997016570364,0.03262638102502846,30,0.36727577991157045,0.17301109233146772,30,0.4272109395876588,0.17080060052859228,30,0.3452838786097347,0.22521221279035705,30,0.217892820139726,0.20381107782221924,30,ok,within_chunk
scene0708_00,random,512,44,30,30,0.9889691929022472,0.0031194747437869627,30,0.9771139490816435,0.004229407228333829,30,0.011855243820603656,0.00395344309049607,30,0.3617248907891944,0.17593502549806864,30,0.4219357218601181,0.17962700625909991,30,0.3443117035939595,0.21528901099613162,30,0.23604727163910866,0.22007393156632607,30,ok,within_chunk
scene0708_00,random,512,45,30,30,0.9892256557941437,0.003098433122243025,30,0.9779173734685543,0.003817509385407021,30,0.011308282325589355,0.0036087126743069324,30,0.3756024369320092,0.18011973738168408,30,0.4376227755792233,0.17773833774274736,30,0.33954330246209946,0.20723497628396392,30,0.20542870089411736,0.17446758918955524,30,ok,within_chunk
scene0708_00,random,512,46,30,30,0.8634277979532877,0.04135471844608114,30,0.7355361744138768,0.040676604183057484,30,0.12789162353941108,0.0316777734831983,30,0.3583638679426034,0.17788348339318028,30,0.42180012657447397,0.17294911048568284,30,0.3331335501504137,0.21115520328984366,30,0.207834888001283,0.17792241427576838,30,ok,within_chunk
scene0708_00,random,768,42,30,30,0.8723578353722891,0.037400881969754454,30,0.7510225307734166,0.041879883936974914,30,0.12133530459887253,0.032512859022296454,30,0.3908668325875784,0.1783137518489644,30,0.4510082322032069,0.1853960467277549,30,0.30137120363840836,0.18502408442128152,30,0.19031840053697427,0.15688457967096547,30,ok,within_chunk
scene0708_00,random,768,43,30,30,0.8869587481021881,0.040503046150653046,30,0.7715916958896298,0.050246760145303784,30,0.11536705221255822,0.03674320296848321,30,0.37535807084576184,0.1886327170730576,30,0.4309752644155996,0.18842706005879795,30,0.34709997207092474,0.24721422633494766,30,0.2374573537458976,0.25270744756462693,30,ok,within_chunk
scene0708_00,random,768,44,30,30,0.9840963145097097,0.004823725018363479,30,0.9669334840649575,0.00666226566385344,30,0.017162830444752367,0.0061492436006599874,30,0.35973485992882076,0.1794232432646563,30,0.41556043955426886,0.18072919669426465,30,0.3454264310505915,0.22993481324266418,30,0.2442586982001861,0.22677984442846716,30,ok,within_chunk
scene0708_00,random,768,45,30,30,0.9842764616012574,0.004800323721462902,30,0.9677040241241008,0.005924802883316927,30,0.016572437477156487,0.0054750145594260405,30,0.3654739757978997,0.17462792346536296,30,0.42562192964189915,0.17460269568693804,30,0.3490530263144228,0.22776022278598024,30,0.2300240652014812,0.21631194936959144,30,ok,within_chunk
scene0708_00,random,768,46,30,30,0.984307736158371,0.004234767928010366,30,0.9688920670001556,0.004293857292335424,30,0.015415669158215501,0.004070107161721889,30,0.3731236324420897,0.1712753978387264,30,0.434750380573734,0.1717091509447404,30,0.328674420469559,0.20183185667565162,30,0.1904953796416521,0.15556091847535036,30,ok,within_chunk
scene0708_00,random,1024,42,30,30,0.8747440497080485,0.03811420448861558,30,0.7492397983405369,0.0413454187553838,30,0.12550425136751145,0.032818171336418504,30,0.4014069180513349,0.17656982932360502,30,0.46331381570489777,0.17602018773132996,30,0.29987299578854304,0.18436972282029906,30,0.1800344338019689,0.1631300812699638,30,ok,within_chunk
scene0708_00,random,1024,43,30,30,0.8851967930793763,0.04038750221332957,30,0.7677443515313501,0.0506889419842682,30,0.11745244154802616,0.036929456905180395,30,0.3760520775722223,0.17367859685838366,30,0.433360374310304,0.17711905451861493,30,0.33510986355512407,0.2366620625553736,30,0.22590026035904884,0.23813477381913747,30,ok,within_chunk
scene0708_00,random,1024,44,30,30,0.9799485643704732,0.005717613896732995,30,0.9591676451356557,0.007357578146543216,30,0.020780919234817688,0.006738863812503762,30,0.36212671275930736,0.17342019039321818,30,0.42495173865744634,0.17817364096552404,30,0.3426779287773797,0.22754452278351675,30,0.22264260090887547,0.20332919153309367,30,ok,within_chunk
scene0708_00,random,1024,45,30,30,0.9800845106442769,0.005928609338686613,30,0.9592242358872156,0.006875539489850983,30,0.020860274757061543,0.006289157908993428,30,0.3745642307899498,0.18031680934733882,30,0.4372328794572461,0.17846009117279585,30,0.33398199958457103,0.2151603505332108,30,0.22376941839853923,0.22380988800265705,30,ok,within_chunk
scene0708_00,random,1024,46,30,30,0.980209497610728,0.0053921988946716605,30,0.9604026821611181,0.005938523679572861,30,0.019806815449609983,0.005518928026808577,30,0.37155419608733187,0.1694380968874813,30,0.43257988443794454,0.17147989934845306,30,0.32104395543397984,0.19473235525664456,30,0.2016770899295807,0.17981524120443534,30,ok,within_chunk
scene0709_00,ablation_iterative,128,0,30,30,0.7584524989128113,0.03940699312573953,30,0.5215645540237638,0.043028229316862135,30,0.23688794488904746,0.06207017444612821,30,0.366678529164041,0.13341604778794716,30,0.5171491503456618,0.17587499814526128,30,0.21847704703758838,0.11176442095426503,30,0.1257250138868888,0.09324232674172307,30,ok,within_chunk
scene0709_00,ablation_iterative,256,0,30,30,0.7746101041634877,0.03503957733630543,30,0.5530772537775326,0.04629901710170644,30,0.22153285038595516,0.05790700954379386,30,0.3750143053382144,0.13999804785105324,30,0.5205123258880676,0.18183405366563532,30,0.21335086767275643,0.10586749737509367,30,0.12429530570904414,0.09226124081814771,30,ok,within_chunk
scene0709_00,ablation_iterative,384,0,30,30,0.8095089952150981,0.031034970162980104,30,0.5990293514898689,0.05946116646167173,30,0.21047964372522907,0.05412583117499265,30,0.37049913178251354,0.13441089510725956,30,0.5187730333762058,0.17430325902200072,30,0.2113014525468132,0.10560742470866298,30,0.1251667495816946,0.09593538571552154,30,ok,within_chunk
scene0709_00,ablation_iterative,512,0,30,30,0.8274557093779246,0.028123123611017695,30,0.6447298893361036,0.04809996828072073,30,0.18272582004182097,0.04690138787854951,30,0.365524476940674,0.13263774162664546,30,0.514702253202502,0.17199399446228797,30,0.20912587610622382,0.10168306304130352,30,0.12383733776708444,0.08956751434819926,30,ok,within_chunk
scene0709_00,ablation_iterative,768,0,30,30,0.8335185845692953,0.025320994257498872,30,0.6514164897517963,0.047166615550464995,30,0.1821020948174988,0.048381487739367096,30,0.35855729283006943,0.13273950311701804,30,0.5053895205996536,0.1813155150251742,30,0.21522617775020705,0.10418860334560466,30,0.13097939093907673,0.10226084444856987,30,ok,within_chunk
scene0709_00,ablation_iterative,1024,0,30,30,0.8509674370288849,0.026225939328994516,30,0.6913538323478324,0.04441634970558438,30,0.15961360468105248,0.04449811735838192,30,0.34210337483029846,0.13401938955281129,30,0.4866314705737054,0.17848756585753706,30,0.2202679748328803,0.1027082575766654,30,0.13514329331616562,0.09315479166752305,30,ok,within_chunk
scene0709_00,ablation_once,128,0,30,30,0.8450957258542379,0.03378787859138423,30,0.6381850994292109,0.08208947569801844,30,0.20691062642502706,0.06842602223910077,30,0.2398268668292192,0.10890794439510099,30,0.35721612844547335,0.15018253256071826,30,0.309595672409742,0.11895021827123421,30,0.20823398580153782,0.11418179036986023,30,ok,within_chunk
scene0709_00,ablation_once,256,0,30,30,0.8463279406229655,0.03244720303209645,30,0.659936205657407,0.06488473764511127,30,0.18639173496555864,0.05621123490533574,30,0.30209859466659245,0.12698355738567182,30,0.4334957610239835,0.16589496036511886,30,0.25791371253053386,0.11391872378865232,30,0.16820148701469104,0.11262822703618242,30,ok,within_chunk
scene0709_00,ablation_once,384,0,30,30,0.8410550872484843,0.03362250395696712,30,0.6439499312335004,0.0687831193114747,30,0.19710515601498393,0.060366495464527034,30,0.3227833716139102,0.12978166966214075,30,0.45932195833480755,0.17899375737414655,30,0.23214257880425213,0.10950751434154019,30,0.1526781691859166,0.10003364658870958,30,ok,within_chunk
scene0709_00,ablation_once,512,0,30,30,0.8476454575856527,0.02908399046792764,30,0.6667660355782067,0.05724726867957822,30,0.18087942200744603,0.052724571220954954,30,0.33647204415815896,0.13630985165563533,30,0.47353754107017326,0.1781423601201231,30,0.223579682174702,0.10067824164996807,30,0.14193446710705757,0.09070829011221364,30,ok,within_chunk
scene0709_00,ablation_once,768,0,30,30,0.851913982629776,0.026444393904843516,30,0.6900230931051581,0.046794750320871804,30,0.1618908895246178,0.046056667448181765,30,0.3422120917039099,0.13641122897729074,30,0.48219219269223823,0.17644117670092221,30,0.22029005151832917,0.10134885288355545,30,0.1383953625957171,0.09371608524119399,30,ok,within_chunk
scene0709_00,ablation_once,1024,0,30,30,0.8509674370288849,0.026225939328994516,30,0.6913538323478324,0.04441634970558438,30,0.15961360468105248,0.04449811735838192,30,0.34210337483029846,0.13401938955281129,30,0.4866314705737054,0.17848756585753706,30,0.2202679748328803,0.1027082575766654,30,0.13514329331616562,0.09315479166752305,30,ok,within_chunk
scene0709_00,centered_full,1536,0,30,30,0.6485884626706441,0.06474810116232896,30,0.28081792854322474,0.1428309624671312,30,0.3677705341274195,0.13073912073562097,30,0.30368964759630596,0.12752970044674744,30,0.43895573041644115,0.17338566689239854,30,0.24378083977819143,0.10129614504100894,30,0.15896641785899798,0.10436042560838127,30,ok,within_chunk
scene0709_00,original,1536,0,30,30,0.969495439529419,0.005690008323737158,30,0.9349525409342074,0.009589818742377996,30,0.03454289859521156,0.01005026601235821,30,0.31516503176729455,0.1258864301334068,30,0.4476132394986859,0.17293418893682244,30,0.24458343208128858,0.11052434765247102,30,0.15889738202095033,0.10761124755749074,30,ok,within_chunk
scene0709_00,pca,128,0,30,30,0.697731077671051,0.06699902449029116,30,0.3045391509410094,0.15827506322691198,30,0.3931919267300416,0.14853636255495678,30,0.269410907851557,0.11998723631138783,30,0.39842349452042203,0.1603326172040956,30,0.26629511391994176,0.10012899220938638,30,0.1815666598578294,0.10768025890515967,30,ok,within_chunk
scene0709_00,pca,256,0,30,30,0.6709688107172648,0.06590866549777961,30,0.2916145582515718,0.1513615346876854,30,0.37935425246569304,0.13916120458959821,30,0.28564364669650477,0.12531469154611755,30,0.415994693286713,0.16824736590624348,30,0.2577832960837615,0.10068527251825718,30,0.17481083273887635,0.10844181433191902,30,ok,within_chunk
scene0709_00,pca,384,0,30,30,0.6630784332752228,0.06568477508769227,30,0.28757075579068164,0.14833323336879078,30,0.37550767748454117,0.1361555326646403,30,0.2925594876375691,0.1264559758383575,30,0.42493274865996383,0.1716449727705659,30,0.25288498002898135,0.10290342671472873,30,0.1700395597765843,0.10660640296168261,30,ok,within_chunk
scene0709_00,pca,512,0,30,30,0.6585224131743114,0.06537555537331163,30,0.28529367580328563,0.14664145645915072,30,0.3732287373710257,0.13449481029818572,30,0.29747455903721576,0.12542993354050744,30,0.4308202894954173,0.16900921329927895,30,0.2484436704018231,0.10133329549171671,30,0.16476203141113122,0.10516615452000101,30,ok,within_chunk
scene0709_00,pca,768,0,30,30,0.6533813575903574,0.06505262876134357,30,0.2828257626519971,0.1447615355048659,30,0.37055559493836043,0.1326076903849437,30,0.3005991731357499,0.12621658881972733,30,0.43393729020631616,0.1709969579889209,30,0.24658793488870448,0.10151637256893768,30,0.16305514809985955,0.10461718267493149,30,ok,within_chunk
scene0709_00,pca,1024,0,30,30,0.6507384240627289,0.06491617832334301,30,0.2816229124990592,0.14381414955038807,30,0.3691155115636697,0.13164496625793906,30,0.3019067849416884,0.12746512387526313,30,0.43663782872367385,0.1720953893739403,30,0.2451735649012933,0.10158918275783473,30,0.1620796974748373,0.10417129492722124,30,ok,within_chunk
scene0709_00,random,128,42,30,30,0.8704166273276012,0.029162918870132268,30,0.708892261991879,0.051145719395416935,30,0.16152436533572204,0.04741889225009487,30,0.2892588046491205,0.12017508194628118,30,0.42893056570661797,0.16870782498175987,30,0.25790871033424917,0.10902075439508231,30,0.16220592446625232,0.09614867252677456,30,ok,within_chunk
scene0709_00,random,128,43,30,30,0.8470366676648458,0.023661948549113656,30,0.6962649295768226,0.036319843972287706,30,0.150771738088023,0.0446977797830685,30,0.2898041518815722,0.11933227232327413,30,0.4144829605517908,0.1596096670036705,30,0.2796528734643584,0.12861819073675634,30,0.1717374863723914,0.10129708670366408,30,ok,within_chunk
scene0709_00,random,128,44,30,30,0.8838945229848226,0.02337075713401934,30,0.7184862833065,0.061926866158472156,30,0.1654082396783226,0.05832919504742035,30,0.23050612460590778,0.11534219968769852,30,0.3482029074452475,0.15107394926412063,30,0.31632819701880394,0.12781889020974735,30,0.21029597495992977,0.11206431894605814,30,ok,within_chunk
scene0709_00,random,128,45,30,30,0.8798092285792033,0.023355571184596087,30,0.7479730777078577,0.02978187573922121,30,0.13183615087134545,0.037984451227351,30,0.2726365881579257,0.12796956931082204,30,0.3992923014924912,0.1607824139575632,30,0.275857550405072,0.11327347039241822,30,0.17661514741679032,0.10891322265215025,30,ok,within_chunk
scene0709_00,random,128,46,30,30,0.8329838613669077,0.024443946391298006,30,0.68264492060331,0.04082617136270359,30,0.15033894076359797,0.04338516001634289,30,0.2886485845238779,0.115900116516068,30,0.4174772521019696,0.15977573149710134,30,0.27133763205887707,0.1200383077289159,30,0.1715684014062087,0.11646389878377597,30,ok,within_chunk
scene0709_00,random,256,42,30,30,0.863238787651062,0.03174520120933104,30,0.6962584283555956,0.05458613784419121,30,0.16698035929546653,0.04994004405473258,30,0.3202036011679754,0.13039814402097197,30,0.45624102756556983,0.1654601346582763,30,0.23694137279811286,0.1078242225742975,30,0.14710262392958004,0.09884745907325743,30,ok,within_chunk
scene0709_00,random,256,43,30,30,0.8850032846132915,0.02425162119054069,30,0.7505077107294571,0.04566417705633082,30,0.13449557388383424,0.04192552087983767,30,0.291626886088341,0.11654015162316211,30,0.4270025542993142,0.16219427610084794,30,0.2568122667032913,0.10651996507555116,30,0.1587227676063776,0.09496598949041807,30,ok,within_chunk
scene0709_00,random,256,44,30,30,0.8686448554197947,0.0250229239778879,30,0.717106338030458,0.05104882509941677,30,0.15153851738933669,0.047626430860387564,30,0.2674549411550623,0.11785073433846079,30,0.387866461572452,0.15851483753316012,30,0.2737649510750904,0.09934331230645488,30,0.18456085945169132,0.10218078833119676,30,ok,within_chunk
scene0709_00,random,256,45,30,30,0.8788083612918853,0.023664817788391787,30,0.7311192752492157,0.048445904008364994,30,0.14768908604266962,0.047020638658139075,30,0.2808235957806921,0.12027350812946642,30,0.4126692437800761,0.17083282266633174,30,0.2762518134559679,0.10716017655051122,30,0.17525858009854953,0.10935388892714537,30,ok,within_chunk
scene0709_00,random,256,46,30,30,0.8513980507850647,0.028028821628418195,30,0.7003149206700154,0.03968513701700214,30,0.15108313011504892,0.04111325688546957,30,0.3066271601415708,0.12291813014606338,30,0.44408873799902876,0.15708601029216532,30,0.23981702507011923,0.1000482000624193,30,0.15142731194694836,0.085954194893611,30,ok,within_chunk
scene0709_00,random,384,42,30,30,0.8662139534950256,0.028735323155243443,30,0.7199835107081979,0.04282833470396426,30,0.14623044278682773,0.04197065229277095,30,0.31506532410868154,0.12956389867521928,30,0.451101002967134,0.16920573598735483,30,0.23850016520921288,0.10671621400819735,30,0.14798890426754951,0.09543981179798422,30,ok,within_chunk
scene0709_00,random,384,43,30,30,0.8712627271811167,0.02989644779520541,30,0.718827954766507,0.05254307496832073,30,0.15243477241460981,0.048717883478106634,30,0.3052517616859161,0.13007849789054315,30,0.4437614473723767,0.1746315509250738,30,0.24572186770322968,0.10529071544776694,30,0.15090209245681763,0.09891045500678762,30,ok,within_chunk
scene0709_00,random,384,44,30,30,0.9902630090713501,0.001800541245507977,30,0.9778050374345503,0.003962563599732524,30,0.012457971636799747,0.003909020180130835,30,0.26875561972964446,0.11679772421257302,30,0.39181209337519085,0.15901509687417587,30,0.2770036487361768,0.10944622110143284,30,0.1827033712218205,0.11485774646217208,30,ok,within_chunk
scene0709_00,random,384,45,30,30,0.9906391104062399,0.0018213622061323304,30,0.9790931653629841,0.003574298989658998,30,0.011545945043255719,0.0035517620138107307,30,0.2861966311922848,0.12398526451115569,30,0.41337174805240484,0.16776124100455045,30,0.2678381592228527,0.11043056518789733,30,0.17586569711565972,0.11069842833688853,30,ok,within_chunk
scene0709_00,random,384,46,30,30,0.8483976264794667,0.026325802992545784,30,0.6912029920886391,0.048455035469904276,30,0.15719463439082773,0.04571089860639692,30,0.3074482151067197,0.12007581411557627,30,0.44427013480468336,0.1601670250798213,30,0.2410360111335355,0.10400224939374014,30,0.1538156971335411,0.10257826655191,30,ok,within_chunk
scene0709_00,random,512,42,30,30,0.8571773409843445,0.028874637612360306,30,0.7088825742762274,0.04307697039779587,30,0.1482947667081172,0.04202000304990244,30,0.31853045080225467,0.12882048481665936,30,0.45619083974530367,0.1689801718074861,30,0.23699964947404387,0.1064780956643683,30,0.14935999450584253,0.10370375978508527,30,ok,within_chunk
scene0709_00,random,512,43,30,30,0.8687415877978008,0.02818948061791011,30,0.7117832647481045,0.055079729462872734,30,0.15695832304969623,0.05046889017483255,30,0.31874837479497853,0.13344228442089437,30,0.4537197589185515,0.17234560927500817,30,0.23947117794513162,0.10670238936282804,30,0.14993849607805412,0.09832860714011082,30,ok,within_chunk
scene0709_00,random,512,44,30,30,0.9880923469861348,0.0021050504071852306,30,0.9736588301421738,0.004308970558276201,30,0.014433516843961047,0.0043488899241776345,30,0.2919653978460077,0.12167776612037,30,0.42220394290360314,0.16786727348293845,30,0.25168563670982036,0.10161064357292703,30,0.16830517947673798,0.10568405546045895,30,ok,within_chunk
scene0709_00,random,512,45,30,30,0.9882139205932617,0.0021782016016933226,30,0.9743993999620078,0.004081846582007917,30,0.01381452063125403,0.004112619760131786,30,0.29952981780016696,0.12788391759238318,30,0.42827653961837603,0.17186812190196513,30,0.25346007040617713,0.10913618814293455,30,0.164962167168657,0.10694783331166705,30,ok,within_chunk
scene0709_00,random,512,46,30,30,0.8410973926385243,0.030492902612722635,30,0.6729059780834521,0.049240311981755436,30,0.16819141455507242,0.0498444328529455,30,0.30928225472454735,0.12559187155132037,30,0.4456107806792494,0.16974689238845764,30,0.2455114422815818,0.11059285213346359,30,0.1625733514626821,0.10759270318142683,30,ok,within_chunk
scene0709_00,random,768,42,30,30,0.848001088698705,0.028132527864410617,30,0.692401502379573,0.04487116998068174,30,0.15559958631913204,0.04388612269792248,30,0.3240748938324631,0.12419980897482424,30,0.4682783050868851,0.1635052739623323,30,0.2300252767186257,0.1047588243476378,30,0.14426941002408664,0.09830585154859778,30,ok,within_chunk
scene0709_00,random,768,43,30,30,0.8559290508429209,0.028583127403102135,30,0.6830378378603101,0.05788681742022933,30,0.17289121298261073,0.05294450434300744,30,0.3048156483612305,0.125311941953995,30,0.4349980584581535,0.17186533072812493,30,0.24617446640313348,0.10756898996128142,30,0.1627664962162574,0.10780132713605968,30,ok,within_chunk
scene0709_00,random,768,44,30,30,0.9825509985287985,0.0033609567200885856,30,0.9614546882424275,0.006640080415406212,30,0.02109631028637101,0.006749419321788403,30,0.29944434334047326,0.1231986146949746,30,0.43513378929128715,0.17053344955800723,30,0.24877391932158188,0.10566448564997535,30,0.16039486328760783,0.10756033230829343,30,ok,within_chunk
scene0709_00,random,768,45,30,30,0.9829792638619741,0.0032211188512424366,30,0.9626402122981919,0.006041384048549719,30,0.020339051563782174,0.0061635004676505135,30,0.3099452223196456,0.12834205451150116,30,0.44348044675367676,0.1699809504887629,30,0.24430259310828709,0.10798520603073326,30,0.1581268824636936,0.10606343047846932,30,ok,within_chunk
scene0709_00,random,768,46,30,30,0.9829679111639659,0.0031517814185954805,30,0.9652352606849354,0.004579386207472466,30,0.017732650479030457,0.005004239643944107,30,0.30663394123630844,0.12653107803542868,30,0.4386238065627734,0.16737989180728757,30,0.25020217346113033,0.1105028708681861,30,0.16047905969123047,0.107945134308762,30,ok,within_chunk
scene0709_00,random,1024,42,30,30,0.8541517118612926,0.027185814748773084,30,0.6968533055626391,0.0453187099062727,30,0.15729840629865352,0.04496508217355085,30,0.32675440891739826,0.12629997232214624,30,0.4670449205586215,0.16881254895292275,30,0.2301891763644431,0.10489710079769733,30,0.14947135659555594,0.10239182191841767,30,ok,within_chunk
scene0709_00,random,1024,43,30,30,0.8533636868000031,0.02815891499900803,30,0.679920511946492,0.05817338033153617,30,0.17344317485351093,0.053508960670548486,30,0.30817983091652285,0.13013466995779213,30,0.4399478538842286,0.17853530308052482,30,0.24141807170009477,0.10441520923836942,30,0.15821356810629367,0.10230506906785555,30,ok,within_chunk
scene0709_00,random,1024,44,30,30,0.9782129009564717,0.0039656233775387725,30,0.9533854674953041,0.007269261583776331,30,0.024827433461167548,0.007488426224301488,30,0.31289838959657346,0.12965356972856143,30,0.44606204748246137,0.17504194199499992,30,0.2446006052200794,0.10762433603596132,30,0.15744617519279322,0.10488192511259609,30,ok,within_chunk
scene0709_00,random,1024,45,30,30,0.9782160937786102,0.0041099925731141775,30,0.9529152162889443,0.007078901640501696,30,0.025300877489666012,0.007425377614595197,30,0.31538344551793773,0.13024767089161796,30,0.44780689496648024,0.17329057103301726,30,0.24307698860567573,0.10869198517738984,30,0.15536929840842884,0.10084768806363384,30,ok,within_chunk
scene0709_00,random,1024,46,30,30,0.9781497736771901,0.004033587695045572,30,0.954486235683325,0.006340643890187751,30,0.023663537993864996,0.006771571888473783,30,0.3063572718232201,0.12186979840937859,30,0.43887036599419077,0.16735079324175148,30,0.24763305389134047,0.10695883545139548,30,0.15821119099855424,0.09596214232783329,30,ok,within_chunk
scene0710_00,ablation_iterative,128,0,30,30,0.736779409646988,0.052782779184109126,30,0.5300588558857366,0.04795495769543053,29,0.20913212542014217,0.05640681146218543,29,0.269109009419376,0.152057528689878,30,0.4618609778365653,0.2201208834392139,30,0.2703307687615905,0.17009865279455427,30,0.18688222629328569,0.2096923076795153,30,ok,within_chunk
scene0710_00,ablation_iterative,256,0,30,30,0.7059330026308696,0.05685365379555142,30,0.48952526130935603,0.05052893706444687,29,0.21916766547568553,0.05807375311781331,29,0.28471755915231517,0.1662039155244679,30,0.4872341984620434,0.23052121104380693,30,0.24672863029349543,0.14989115561797528,30,0.15593690474828084,0.1378663419783798,30,ok,within_chunk
scene0710_00,ablation_iterative,384,0,30,30,0.7359167039394379,0.05097494834725674,30,0.5423758464277824,0.0426098094475849,29,0.1966717158261039,0.051857284348782264,29,0.2907644415451423,0.1662540859988485,30,0.5019579376492653,0.24356946738548554,30,0.2369767760143693,0.14460307172559145,30,0.1585152719169855,0.14516578528858703,30,ok,within_chunk
scene0710_00,ablation_iterative,512,0,30,30,0.7438795248667399,0.04856937952728941,30,0.5608462289727545,0.03818441560366907,29,0.1866122988553305,0.049469470981044886,29,0.2851221244101305,0.17381851031640122,30,0.48921958301290774,0.2489379700678073,30,0.25160165183336247,0.17491180135882947,30,0.19038670919835568,0.20518589320935313,30,ok,within_chunk
scene0710_00,ablation_iterative,768,0,30,30,0.7863835752010345,0.04135172209645478,30,0.6364389041194752,0.033515308908633266,29,0.15329708931516764,0.040938696788744657,29,0.2831971152174655,0.16781793539462053,30,0.47573907426516737,0.23873362659896294,30,0.2582434728007087,0.1713453058858203,30,0.1906336635351181,0.2006118618398823,30,ok,within_chunk
scene0710_00,ablation_iterative,1024,0,30,30,0.8069059312343597,0.04355415313007304,30,0.6619869882987821,0.032821668628078365,29,0.14931000704505107,0.04041393366550853,29,0.26608058851798144,0.1606725499061923,30,0.449247782773802,0.23143246496798245,30,0.2784924175482329,0.18341702082562814,30,0.20903561313947042,0.20988161429187338,30,ok,within_chunk
scene0710_00,ablation_once,128,0,30,30,0.7426883538564046,0.06264431245733634,30,0.5118272177958165,0.06749842301375424,29,0.23485488554209616,0.08137809578147069,29,0.15695788906223,0.12036451498539281,30,0.28923459305731597,0.18926664606342064,30,0.3749647035048687,0.18700339330668955,30,0.32108115529020625,0.2292024280662764,30,ok,within_chunk
scene0710_00,ablation_once,256,0,30,30,0.772926946481069,0.052594100566736544,30,0.5822848713986615,0.04988560319935013,29,0.19538846351229042,0.05929021098550259,29,0.20757212793446062,0.15026444667338543,30,0.3607210593600607,0.21794975457322796,30,0.33541645010138316,0.22064695497423722,30,0.2823324348777533,0.25284959220663056,30,ok,within_chunk
scene0710_00,ablation_once,384,0,30,30,0.7710590263207754,0.057434567744484744,30,0.5916658491797738,0.044208018406492584,29,0.18551344954995824,0.05252087632992614,29,0.23090608184525918,0.16268066846695609,30,0.4006750733206554,0.23342358421008222,30,0.3028437333386835,0.18173639430572772,30,0.24846886433660983,0.21374095327907772,30,ok,within_chunk
scene0710_00,ablation_once,512,0,30,30,0.7707755307356516,0.05455619658083246,30,0.5936556475396241,0.04085788290125551,29,0.18235078182020667,0.05019575161828187,29,0.25358908969892174,0.16174248815081146,30,0.4222854863362392,0.23049355494650042,30,0.28874204913447993,0.1776900791668333,30,0.24095877707004548,0.22492114228314075,30,ok,within_chunk
scene0710_00,ablation_once,768,0,30,30,0.7812956233819326,0.049938456731838075,30,0.6135733902347065,0.039667106258102255,29,0.1726378928078067,0.04712305949973817,29,0.265561942939312,0.1631561906202134,30,0.4455906607521019,0.2328790686942715,30,0.2731632958682547,0.17011920050200544,30,0.20711735238631565,0.19580706569586864,30,ok,within_chunk
scene0710_00,ablation_once,1024,0,30,30,0.8069059312343597,0.04355415313007304,30,0.6619869882987821,0.032821668628078365,29,0.14931000704505107,0.04041393366550853,29,0.26608058851798144,0.1606725499061923,30,0.449247782773802,0.23143246496798245,30,0.2784924175482329,0.18341702082562814,30,0.20903561313947042,0.20988161429187338,30,ok,within_chunk
scene0710_00,centered_full,1536,0,30,30,0.5705859283606212,0.10452121559377563,30,0.19254642874532035,0.11429524796401191,29,0.3852932171008164,0.11510864546485067,29,0.2254235776700034,0.15212847142363972,30,0.390957626985405,0.21092223147273206,30,0.3234599185343815,0.21332163266454385,30,0.2704987482478221,0.2654383584757604,30,ok,within_chunk
scene0710_00,original,1536,0,30,30,0.9616709431012471,0.009790453673062431,30,0.9258348643251957,0.012815851597402594,29,0.03703291359786207,0.012363464483276961,29,0.21865851650349527,0.13822826660127285,30,0.3708956154206004,0.20234305722706056,30,0.323668579399517,0.20400339294967595,30,0.2505613005409638,0.23176118272957333,30,ok,within_chunk
scene0710_00,pca,128,0,30,30,0.6158550957838694,0.11290311066198847,30,0.20243911733504524,0.13079718779019142,29,0.42085887819939116,0.12699827980231687,29,0.19350984057793674,0.134694640029334,30,0.3409047438246539,0.19080102768219717,30,0.3448257267290617,0.20187375449889897,30,0.2840247191488743,0.23859631296904146,30,ok,within_chunk
scene0710_00,pca,256,0,30,30,0.5912618388732275,0.10874776910716787,30,0.19518506926611057,0.12325290893643917,29,0.4034238088860132,0.12042481347444423,29,0.20987208161261625,0.14460197999172333,30,0.3620241374264344,0.2009985837432566,30,0.33839820557727346,0.21055544199177736,30,0.2844908842196067,0.2620004743483069,30,ok,within_chunk
scene0710_00,pca,384,0,30,30,0.5835878312587738,0.10748658256888767,30,0.19330973676107743,0.12012896388539328,29,0.39763245490549276,0.11883421865946397,29,0.21532509351889179,0.1480962926414287,30,0.3741716404167088,0.20580197129913644,30,0.33226991102360603,0.2111335433707443,30,0.2776623100042343,0.25954048396344626,30,ok,within_chunk
scene0710_00,pca,512,0,30,30,0.5792200456062953,0.10657521783256244,30,0.19240320744198364,0.11849501740293086,29,0.3941168385537287,0.11763918748235357,29,0.21788797006822105,0.1478826485939375,30,0.37976723123349004,0.20554588891950032,30,0.32999950079172563,0.21164854272349032,30,0.276881126438578,0.26424576425848656,30,ok,within_chunk
scene0710_00,pca,768,0,30,30,0.5745242297649383,0.10572107248297107,30,0.19207495305131406,0.1166097525878844,29,0.38975255594084823,0.11643906079738382,29,0.22225701712129806,0.14934894371015595,30,0.38529042795166607,0.20815357671999157,30,0.3276752516387619,0.21252994500374342,30,0.27399023758868374,0.2653282073119548,30,ok,within_chunk
scene0710_00,pca,1024,0,30,30,0.5723808536926905,0.10508018454921814,30,0.1922413519006626,0.11544386861753807,29,0.38741689331754864,0.11572017731278873,29,0.22444140679511834,0.1510806618834141,30,0.3874531622938881,0.2093641467489399,30,0.32546694472451904,0.2132112212772213,30,0.272374352440238,0.26529864027077554,30,ok,within_chunk
scene0710_00,random,128,42,30,30,0.8339970032374064,0.039221694541439554,30,0.6689032650553463,0.04516790100407883,29,0.1678444018297667,0.05248612386965235,29,0.1937431726196558,0.12259055233508204,30,0.34503004160896883,0.19131846578251618,30,0.34217796877125256,0.18735766720972002,30,0.2742772890875737,0.2294953443418581,30,ok,within_chunk
scene0710_00,random,128,43,30,30,0.8265586952368419,0.05021296269870887,30,0.7052367706892101,0.04372644904789679,29,0.12819799604731366,0.0412627910233615,29,0.20419956017624777,0.12214670111835822,30,0.35322057345357183,0.19210494139564474,30,0.34668048134354146,0.1959944830758274,30,0.2697894444068273,0.22533591927357405,30,ok,within_chunk
scene0710_00,random,128,44,30,30,0.8607264677683513,0.03663301523207031,30,0.6612018511013771,0.09427707211656158,29,0.20188308997338897,0.08895509560828044,29,0.1522762918388196,0.10168969479299274,30,0.27445026232563424,0.1625559935413813,30,0.3734924447468181,0.20044025767765533,30,0.31554770320653913,0.22294270895091234,30,ok,within_chunk
scene0710_00,random,128,45,30,30,0.8563259780406952,0.03472851154904316,30,0.6978291709778577,0.058211994719856164,29,0.16212353162663354,0.054806528223113764,29,0.1602116483670758,0.11144292653341001,30,0.3043078117309992,0.17590607022759708,30,0.36382596870960443,0.15921257697462102,30,0.296084251254797,0.18434111249606347,30,ok,within_chunk
scene0710_00,random,128,46,30,30,0.7975976010163625,0.04643322498704684,30,0.6601335278672941,0.03957016737746267,29,0.14250595037222585,0.03816291951754728,29,0.19107593702006756,0.11710807383948106,30,0.34050334428813683,0.17903452005064546,30,0.3232722314118151,0.17139646720273785,30,0.26811730215946833,0.2271877336499754,30,ok,within_chunk
scene0710_00,random,256,42,30,30,0.8154317776362101,0.05195436225176044,30,0.6328455095529987,0.050272778373175196,29,0.1872361539897818,0.05939768723742327,29,0.19837287899353395,0.1531515448654179,30,0.35840305524275845,0.22011062012698493,30,0.33610433262979955,0.20273253855366913,30,0.2796590942889452,0.2334161968728268,30,ok,within_chunk
scene0710_00,random,256,43,30,30,0.859573342402776,0.03847421340937947,30,0.7323738737605978,0.041629293836561485,29,0.13166333989375584,0.04103815046779943,29,0.19125112296409266,0.1256336370926501,30,0.3318876427274195,0.1936085112227104,30,0.3459900008245885,0.19023529486674728,30,0.27375346918900806,0.21383771707733715,30,ok,within_chunk
scene0710_00,random,256,44,30,30,0.8455867191155751,0.036587525942709496,30,0.6782322180218624,0.0724355109471312,29,0.16999241981538313,0.06833305263246779,29,0.168350095810146,0.1182989531874948,30,0.30560273336509003,0.1769957839190641,30,0.3635463565473059,0.22477022982175607,30,0.30330393066008887,0.25198261577302616,30,ok,within_chunk
scene0710_00,random,256,45,30,30,0.8332411924997966,0.04577099279835209,30,0.657742677294305,0.06012389462775007,29,0.18040360230379945,0.06216200257550302,29,0.15373939899003647,0.11342561946602762,30,0.28847312736566255,0.19420009370575714,30,0.36660556465197675,0.17964059570261323,30,0.29724186832706134,0.19624489875413922,30,ok,within_chunk
scene0710_00,random,256,46,30,30,0.8153080900510152,0.05099795919258265,30,0.6646642549412745,0.04685150998199968,29,0.1574475797985422,0.0454250257604767,29,0.20932275946900789,0.13298188293542476,30,0.36528611519908144,0.2021515625498377,30,0.3336334118058101,0.19863733387053784,30,0.261269773542881,0.22629278518954218,30,ok,within_chunk
scene0710_00,random,384,42,30,30,0.8306273500124614,0.04273327126157178,30,0.6776048216944737,0.04259736309095466,29,0.15697687817014416,0.04934124526192615,29,0.19999074211953521,0.1444778225973059,30,0.3680201783773949,0.21256121635872766,30,0.3191226497302981,0.19124675508571057,30,0.26614452662567295,0.224757843262206,30,ok,within_chunk
scene0710_00,random,384,43,30,30,0.8374194085597992,0.04823355353527406,30,0.6893278767191526,0.0466171151791136,29,0.154127417363752,0.04706374553822468,29,0.1907965301185039,0.1369627545226071,30,0.3450389193881966,0.19332347305849595,30,0.3282532508626255,0.17722260546200727,30,0.25403305975099405,0.20317489087779528,30,ok,within_chunk
scene0710_00,random,384,44,30,30,0.9870403389135997,0.0037328113693757634,30,0.9723977206693428,0.006113428332088288,29,0.015143584938419887,0.005963209596512522,29,0.1792836967833194,0.12320185437277495,30,0.31344606219589394,0.18673845399092942,30,0.35999340851978834,0.21485975281783867,30,0.2889576924343904,0.23833074701964996,30,ok,within_chunk
scene0710_00,random,384,45,30,30,0.987355484565099,0.00395070321182032,30,0.9736882800287086,0.0057467292065366575,29,0.014223014217833696,0.005611043024981407,29,0.17302040159461374,0.1202971310752583,30,0.30842205352777274,0.19111275489427546,30,0.37291988978747737,0.22421887592685122,30,0.30287120342254636,0.2545061049281297,30,ok,within_chunk
scene0710_00,random,384,46,30,30,0.8166477759679158,0.04457760297399422,30,0.6587899409840362,0.055979966637697144,29,0.16293936142227472,0.05389439221351173,29,0.2051654963822447,0.12044324894773656,30,0.37460474896388607,0.19342941578852998,30,0.3122156400993989,0.17145897275623506,30,0.2392319160203139,0.20298320327356267,30,ok,within_chunk
scene0710_00,random,512,42,30,30,0.8223254899183909,0.044383892278433694,30,0.6721870451077837,0.040740483355166626,29,0.154645978999393,0.0478002814040263,29,0.209186087987021,0.1514704275685213,30,0.3762260206764519,0.22316138840002947,30,0.3184522488077485,0.19716862171081698,30,0.2618007363130649,0.22592515489569392,30,ok,within_chunk
scene0710_00,random,512,43,30,30,0.8351575493812561,0.04615734173504068,30,0.6821118386804857,0.04763575104925757,29,0.15853814018740664,0.04885922942162701,29,0.2049072200618553,0.13457218556028916,30,0.3675692690386144,0.19708019008237768,30,0.3217421731333955,0.17702656189921878,30,0.24967846733828386,0.21169442977174768,30,ok,within_chunk
scene0710_00,random,512,44,30,30,0.9843694965044657,0.004277891899146203,30,0.9680163198050641,0.006521189344580322,29,0.016918951523829027,0.0063205375626603074,29,0.19343211214338535,0.13025950396832583,30,0.3389921714036711,0.1987660836154047,30,0.3482099814984733,0.21841263440293782,30,0.2761212649444739,0.24515686813199605,30,ok,within_chunk
scene0710_00,random,512,45,30,30,0.9844653725624084,0.0045532715226715694,30,0.9687740409930911,0.0063501171844687135,29,0.01632068714790427,0.006185335344143658,29,0.19437931598179004,0.13573895102366645,30,0.3343670587398802,0.19997285133203743,30,0.3539385930607978,0.22285599118544505,30,0.28143723011016847,0.24973356703424707,30,ok,within_chunk
scene0710_00,random,512,46,30,30,0.8125396986802419,0.04634044520058457,30,0.6499276199988444,0.05162428896397865,29,0.1678870980338609,0.05308349961136035,29,0.21376267449883665,0.13086574058918138,30,0.3800442544423258,0.19660741705554605,30,0.3111524315402262,0.1723196304279138,30,0.24175293954710167,0.1999163102623999,30,ok,within_chunk
scene0710_00,random,768,42,30,30,0.8162234564622243,0.04251606499207274,30,0.6604428362692619,0.04583255517432796,29,0.15981901417000702,0.05104603619438067,29,0.23287834572060595,0.15426176511874237,30,0.399651279365483,0.224072891227644,30,0.3073751052874457,0.19486708937937866,30,0.24095108546316624,0.2168574719025351,30,ok,within_chunk
scene0710_00,random,768,43,30,30,0.8244186480840047,0.04539646299615879,30,0.6575990293432746,0.05244017717533374,29,0.17187447436145403,0.053386216863508584,29,0.20593628125510577,0.1388345054004505,30,0.3639032846885892,0.19646654104584405,30,0.3245721440686544,0.20022896717148916,30,0.26368048253158727,0.23772422616593436,30,ok,within_chunk
scene0710_00,random,768,44,30,30,0.9767154256502787,0.006634074820068724,30,0.953046535604993,0.009059446092377459,29,0.024509244970200215,0.00872089539518135,29,0.1922558850635527,0.13065239144549695,30,0.33778039573333957,0.19506058593749442,30,0.3529196248035493,0.21915393522166546,30,0.2771077860146761,0.24793515524432697,30,ok,within_chunk
scene0710_00,random,768,45,30,30,0.9776968558629354,0.006438705485624909,30,0.9552053386773326,0.00854124274437792,29,0.023353088623613807,0.008177206086674327,29,0.2039186345089267,0.13544841524533305,30,0.3532006608012699,0.20045770941170485,30,0.3410696603606837,0.22482522250838546,30,0.26317047538856664,0.24686754450276074,30,ok,within_chunk
scene0710_00,random,768,46,30,30,0.9789925376574199,0.0055151238106726655,30,0.9612430059068672,0.006598534108850102,29,0.018461322745218684,0.006238739709033995,29,0.2184556579765983,0.13394942939647633,30,0.37539643590527305,0.19706247143769584,30,0.32991641738755023,0.20098910015356505,30,0.251122552032272,0.22796673866317843,30,ok,within_chunk
scene0710_00,random,1024,42,30,30,0.8187983830769857,0.04409495331608052,30,0.6598595881306671,0.04838393380108627,29,0.16367482655533863,0.05122487949423832,29,0.234631002933782,0.14950331335662345,30,0.40287032067797274,0.21572121407292544,30,0.31125997248011844,0.20702194696507936,30,0.24442898631095886,0.23055375106692977,30,ok,within_chunk
scene0710_00,random,1024,43,30,30,0.815443483988444,0.04937653000787864,30,0.6406665522914179,0.05605130242399854,29,0.18032616413608907,0.05822207335881862,29,0.20726815036363508,0.14805847612790454,30,0.36536897672219815,0.2076432355506623,30,0.3361262162445057,0.22699825927974285,30,0.26783043667674067,0.25976545316032934,30,ok,within_chunk
scene0710_00,random,1024,44,30,30,0.971625945965449,0.007718128815196817,30,0.9446579738753497,0.01007989406956941,29,0.027940178038654936,0.009606324124591495,29,0.20021428636853725,0.13896728706404377,30,0.35167948476261607,0.20054062063781286,30,0.3374978487636364,0.20574645028539534,30,0.25934693130354086,0.23118407590778095,30,ok,within_chunk
scene0710_00,random,1024,45,30,30,0.9721783002217611,0.007707112231149843,30,0.9453926877107175,0.009730205055723728,29,0.027797225282614954,0.009417842668626915,29,0.20798806447406026,0.13137720065664155,30,0.36256915798178824,0.20375456418949778,30,0.3291374302686524,0.20877814330339994,30,0.25967066884040835,0.2425161305894297,30,ok,within_chunk
scene0710_00,random,1024,46,30,30,0.9728944857915243,0.0070796517485207456,30,0.9486601082694253,0.008955637417849447,29,0.025152383459916623,0.008572089999440674,29,0.22134512908267862,0.13193804317811447,30,0.3739810324470144,0.19798330259894703,30,0.3262269572831726,0.19529439849797914,30,0.24789265145858128,0.22298356806677508,30,ok,within_chunk
scene0711_00,ablation_iterative,128,0,30,19,0.6918884358908001,0.03862394335280752,19,0.5066724293726236,0.11252973050147246,19,0.1852160065181765,0.1150272748549222,19,0.13205796635445888,0.10033061911681845,19,0.22924393411113939,0.17323048805490496,19,0.4455984086198306,0.1912309241955295,19,0.3673399024103817,0.24689196449406725,19,ok,within_chunk
scene0711_00,ablation_iterative,256,0,30,19,0.6967592270750749,0.042473446608130974,19,0.5351018041780232,0.08333224978520459,19,0.16165742289705154,0.0986980594583235,19,0.1568827074266598,0.1263821962202475,19,0.25893044001810156,0.20329245755022873,19,0.4263804570276745,0.21285037363139336,19,0.3498018513384618,0.2618280214647819,19,ok,within_chunk
scene0711_00,ablation_iterative,384,0,30,19,0.7487020178845054,0.03837782355345182,19,0.6195337299213143,0.06818740256331592,19,0.12916828796319124,0.0788329273889187,19,0.14864239438498225,0.13170529148425208,19,0.24959915550039433,0.21742630667251397,19,0.4427390583114597,0.23703568477643847,19,0.37723167887643766,0.2889472692427526,19,ok,within_chunk
scene0711_00,ablation_iterative,512,0,30,19,0.8231554784272846,0.033553208998462605,19,0.7368785412422596,0.05631790855880195,19,0.08627693718502515,0.055587003439587404,19,0.14772441892546703,0.13128879956826156,19,0.24865508655859755,0.22068455685542251,19,0.4357217023128241,0.25312253719889544,19,0.3728000866739373,0.29331489055968735,19,ok,within_chunk
scene0711_00,ablation_iterative,768,0,30,19,0.8171935081481934,0.03239928449987343,19,0.7318420120477228,0.05540997054602302,19,0.0853514961004704,0.053388936652238254,19,0.1472318191722722,0.12261000357494353,19,0.24522631719862703,0.2051837630815871,19,0.445772113387667,0.24270815918764094,19,0.38747039005944606,0.28494087361510684,19,ok,within_chunk
scene0711_00,ablation_iterative,1024,0,30,19,0.8254195388994718,0.030783730428026606,19,0.7421436314190095,0.056202241956803636,19,0.08327590748046243,0.053977583404169256,19,0.13422862570548502,0.12748288310263245,19,0.2332450723925099,0.21195038267497116,19,0.44755610900094345,0.2401616450706156,19,0.3904348613792344,0.29224956758400905,19,ok,within_chunk
scene0711_00,ablation_once,128,0,30,19,0.8078763328100506,0.03570870581571424,19,0.7030189848531595,0.08724998890836566,19,0.10485734795689111,0.07768467049433582,19,0.09099395728325575,0.07643122497842685,19,0.17465429831628282,0.14246247448096883,19,0.4840252182001304,0.1969694390759784,19,0.4288831094377919,0.23695329195569959,19,ok,within_chunk
scene0711_00,ablation_once,256,0,30,19,0.811428493575046,0.034057884696444926,19,0.7131511318753933,0.07671264100303142,19,0.09827736169965268,0.06629767980248714,19,0.11531736707867533,0.1042416505419595,19,0.20835023498097172,0.17331634735094278,19,0.4523463616484749,0.2030364896440688,19,0.3962880208304054,0.2552348845433274,19,ok,within_chunk
scene0711_00,ablation_once,384,0,30,19,0.8190429524371499,0.03138102300338274,19,0.7292967239674061,0.06477107015333448,19,0.08974622846974377,0.05914925542572191,19,0.1264927128338211,0.11381263770791501,19,0.22419166952554104,0.19242132298262823,19,0.44386109246661876,0.20948961155053442,19,0.38978870448313263,0.2708732488161003,19,ok,within_chunk
scene0711_00,ablation_once,512,0,30,19,0.8080619604964006,0.03424806218223313,19,0.7163277905957868,0.06443116028904133,19,0.09173416990061371,0.05992164052790362,19,0.12856577295939903,0.11910124621769219,19,0.22509379003721466,0.19848911614763215,19,0.4470350044076688,0.21990686798888895,19,0.40390457487420034,0.2866585060640682,19,ok,within_chunk
scene0711_00,ablation_once,768,0,30,19,0.8099314225347418,0.03383197574669279,19,0.7168521854325985,0.062458591953732594,19,0.09307923710214323,0.060495701920954055,19,0.1388412593577493,0.13102103697358766,19,0.2378672079236826,0.21113402302079787,19,0.4406120962653301,0.2283818904312041,19,0.38943857150642497,0.2857128022267808,19,ok,within_chunk
scene0711_00,ablation_once,1024,0,30,19,0.8254195388994718,0.030783730428026606,19,0.7421436314190095,0.056202241956803636,19,0.08327590748046243,0.053977583404169256,19,0.13422862570548502,0.12748288310263245,19,0.2332450723925099,0.21195038267497116,19,0.44755610900094345,0.2401616450706156,19,0.3904348613792344,0.29224956758400905,19,ok,within_chunk
scene0711_00,centered_full,1536,0,30,19,0.5267760941856786,0.09752300162718419,19,0.26897072051078763,0.16190124375777937,19,0.2578053736748909,0.1712657377892581,19,0.10205666354966308,0.08925722694834505,19,0.1857866531656099,0.16024436265790235,19,0.45716516861980966,0.16202093401350823,19,0.4024875909090042,0.23420831028839734,19,ok,within_chunk
scene0711_00,original,1536,0,30,19,0.9592737116311726,0.01380592715206696,19,0.932975201265913,0.0248699303857383,19,0.02629851036525974,0.022717180483955397,19,0.10385228758876563,0.09000327913981006,19,0.18655984827556857,0.15866075790512968,19,0.4855251056176394,0.23409429499311835,19,0.43253936344071436,0.2935986735373522,19,ok,within_chunk
scene0711_00,pca,128,0,30,19,0.5689897349006251,0.10536757271947295,19,0.288962912613433,0.18648308759385457,19,0.2800268222871921,0.1910067208717968,19,0.08599979834843652,0.07875089192417568,19,0.1603912284473264,0.1339200620599053,19,0.48142200151297937,0.1444414159142969,19,0.4362165818088933,0.21183855073584593,19,ok,within_chunk
scene0711_00,pca,256,0,30,19,0.5450626533282431,0.10239791054615968,19,0.2752353416488715,0.17575067240425465,19,0.26982731167937163,0.18126135899726517,19,0.0956640062012248,0.08030025679674588,19,0.17055992269099707,0.14366372026478844,19,0.4744607738360529,0.15141660413086977,19,0.4228571943546596,0.22207162457824967,19,ok,within_chunk
scene0711_00,pca,384,0,30,19,0.5379872447565982,0.10104478530523668,19,0.27198608891547726,0.17118930659628553,19,0.26600115584112105,0.17805286599675052,19,0.099684513053296,0.08183567241086344,19,0.17871009357953027,0.14650867859117728,19,0.46694220378664547,0.1527416013128169,19,0.4119682296326286,0.22479391262533635,19,ok,within_chunk
scene0711_00,pca,512,0,30,19,0.5341255178577021,0.10020186365175379,19,0.27060448374753276,0.1683742741360584,19,0.26352103411016936,0.17592879435994238,19,0.10150947214370132,0.08266037042131756,19,0.18314087035057822,0.14871064015543123,19,0.4635918734032744,0.15750679524500377,19,0.41040321321863876,0.22760596735245076,19,ok,within_chunk
scene0711_00,pca,768,0,30,19,0.52988611240136,0.09917526196522154,19,0.2689693982012679,0.16538804560607767,19,0.26091671420009205,0.17380635370199085,19,0.10063797323272522,0.0840747029675831,19,0.18350835540239588,0.153313667251704,19,0.4608046597783066,0.15902228701615628,19,0.4060276974188654,0.23159933926856321,19,ok,within_chunk
scene0711_00,pca,1024,0,30,19,0.5280087213767203,0.09837263198731296,19,0.26865645006812566,0.16370528322865427,19,0.25935227130859456,0.17257442484103014,19,0.10045785858873349,0.08641179723382028,19,0.1835824995938987,0.15637995339587477,19,0.45882532845090035,0.16088457296588446,19,0.4032484841974158,0.23365695647212462,19,ok,within_chunk
scene0711_00,random,128,42,30,19,0.8260040628282648,0.06110408935857258,19,0.692519140461149,0.10826181465310582,19,0.13348492236711568,0.10618154601918633,19,0.10226581758505204,0.07608076996045056,19,0.18048089361430114,0.13575117100661507,19,0.4705533824250237,0.20286397486439411,19,0.4079460438929106,0.23321446980899257,19,ok,within_chunk
scene0711_00,random,128,43,30,19,0.8114196846359655,0.04221649308058691,19,0.7237617958606761,0.06339923005373342,19,0.08765788877528946,0.05840825375428805,19,0.10381782780463569,0.1016971753031342,19,0.18219965970489574,0.16940974292660943,19,0.4975960611041192,0.26159389588896836,19,0.4402104976930116,0.30084355808906516,19,ok,within_chunk
scene0711_00,random,128,44,30,19,0.827206059506065,0.060281864272256215,19,0.7082248087062085,0.11108280609360302,19,0.1189812507998564,0.10473218301104877,19,0.0694465485207439,0.05687073857039504,19,0.12370042400780888,0.10723886707621848,19,0.519612333296147,0.20306337476717512,19,0.47727135451216446,0.2489521871156128,19,ok,within_chunk
scene0711_00,random,128,45,30,19,0.8327044436806127,0.041523612867162066,19,0.7101055726269973,0.09571779782641149,19,0.12259887105361551,0.10443641584876971,19,0.08168039372777032,0.07148062681597131,19,0.1535573279590198,0.12255468816094349,19,0.505029394499083,0.19915711712958203,19,0.46747538290525736,0.24582636221384316,19,ok,within_chunk
scene0711_00,random,128,46,30,19,0.807194898003026,0.035287932158423116,19,0.7219209859951515,0.05405759915404468,19,0.08527391200787458,0.05330013387819314,19,0.1046644778067774,0.10676754460969075,19,0.17822378342666126,0.1670447491165252,19,0.471938016342611,0.21176739974836475,19,0.40037963108012553,0.23246507971765906,19,ok,within_chunk
scene0711_00,random,256,42,30,19,0.811696541936774,0.06993519485859295,19,0.663229463115645,0.12319738923122237,19,0.14846707882112894,0.12206889871138148,19,0.11791238428951827,0.09499342559338235,19,0.1946451889755953,0.15508562352737218,19,0.4599504330914999,0.21984510403170093,19,0.3868251113515151,0.23950817230573443,19,ok,within_chunk
scene0711_00,random,256,43,30,19,0.8408184992639642,0.03848875311321348,19,0.7409702845515744,0.08722484645030228,19,0.09984821471238978,0.08749308653635349,19,0.09244986437342188,0.09122599811588464,19,0.17057977033228444,0.15689291148269907,19,0.4874155348169013,0.201660470416297,19,0.4263209586865024,0.24080923038903834,19,ok,within_chunk
scene0711_00,random,256,44,30,19,0.8131223446444461,0.048697535849450586,19,0.7091856642768098,0.09400754048117543,19,0.10393668036763637,0.08884903054654902,19,0.07893644097547649,0.08375729182153939,19,0.13846220100954723,0.14206851444641067,19,0.5188230982047655,0.19060040009995344,19,0.45528241835142436,0.23184148080860614,19,ok,within_chunk
scene0711_00,random,256,45,30,19,0.8201416668139005,0.06374573187269171,19,0.6831274811127729,0.12291717887294544,19,0.13701418570112778,0.12003403088246312,19,0.09032115519958034,0.0751267214896198,19,0.16041796766752447,0.13026554641960786,19,0.4969156922919404,0.21295895020873354,19,0.4596744140512065,0.2519437276763784,19,ok,within_chunk
scene0711_00,random,256,46,30,19,0.8144179394370631,0.039098444238183816,19,0.7054538326211467,0.07908592877909397,19,0.10896410681591644,0.08311667803389197,19,0.10229323771921733,0.09180319129708836,19,0.18605926572873033,0.16498487300642664,19,0.47919231291707204,0.22436557680614644,19,0.41761148603338943,0.26409884360292873,19,ok,within_chunk
scene0711_00,random,384,42,30,19,0.8213750186719393,0.056556273447061475,19,0.7018185487147681,0.09889682672441702,19,0.11955646995717106,0.09676630850555464,19,0.11785873478934791,0.10353299919982645,19,0.19748468989548687,0.16529597775248317,19,0.45941677139856385,0.22359335129785168,19,0.3963767094047446,0.26073114380302265,19,ok,within_chunk
scene0711_00,random,384,43,30,19,0.8237536267230385,0.04419705469842932,19,0.6995033082174297,0.10655034727851166,19,0.1242503185056088,0.10595706264475568,19,0.09759824826950092,0.09691319064427477,19,0.17829444654771934,0.16051265614256294,19,0.48370464014170417,0.21265792356030003,19,0.4135905025820983,0.2487005989472793,19,ok,within_chunk
scene0711_00,random,384,44,30,19,0.9860230119604814,0.005979660056625027,19,0.9763375697247073,0.010703636856699306,19,0.00968544223577402,0.009607206510476252,19,0.08280390271289047,0.07795010420900582,19,0.15096537349264189,0.13572799409947475,19,0.5061694446199465,0.2045794054603112,19,0.446461148952183,0.23709590815614381,19,ok,within_chunk
scene0711_00,random,384,45,30,19,0.9868732032022978,0.006217492828344053,19,0.9773071051311527,0.010176724145232085,19,0.009566098071145099,0.009071202716131122,19,0.0842517803380504,0.07164397055753709,19,0.15598743828237913,0.12154067083963128,19,0.5039931921988791,0.22172480142991288,19,0.47540426018990967,0.2774259520438137,19,ok,within_chunk
scene0711_00,random,384,46,30,19,0.8044546811204207,0.04036445152447919,19,0.6973912992613936,0.07843872697801266,19,0.10706338185902706,0.07842513595063041,19,0.10285432104229097,0.095146367553414,19,0.18567179962450844,0.1656280740282448,19,0.47999916601654524,0.22730772375890468,19,0.43329887523462896,0.2865501213399836,19,ok,within_chunk
scene0711_00,random,512,42,30,19,0.8123891667315835,0.05997594485019999,19,0.6972965881529384,0.09895496149699615,19,0.11509257857864509,0.0913536152376174,19,0.11087312883027207,0.09448949927694078,19,0.18869026957188512,0.15731381575199185,19,0.47157658033972255,0.22786624967757294,19,0.41356142257389267,0.2629559440680766,19,ok,within_chunk
scene0711_00,random,512,43,30,19,0.820243637812765,0.04604571191542849,19,0.6930716269101386,0.10865868610038282,19,0.12717201090262645,0.10858037532682935,19,0.09403648518912341,0.09296591040198854,19,0.17350962647410814,0.16275362607651725,19,0.4783910187943278,0.20057285024423088,19,0.4105363433298312,0.2506491725139929,19,ok,within_chunk
scene0711_00,random,512,44,30,19,0.9833654729943526,0.006444037575088469,19,0.9724665278080883,0.011451815748973134,19,0.010898945186264383,0.010379350262535121,19,0.09298305884028432,0.08341554071181392,19,0.16601619044447438,0.1417503864458426,19,0.49771608995442035,0.21659082298278975,19,0.4447034268002761,0.2644902911727435,19,ok,within_chunk
scene0711_00,random,512,45,30,19,0.9838583657616063,0.006858520025613796,19,0.9729650785367516,0.011188416891914743,19,0.010893287224854825,0.009959763467961201,19,0.09671993135197092,0.08427332162173798,19,0.1705810274513737,0.13370772447098977,19,0.485081328190843,0.22565554879845817,19,0.4302921122626254,0.27276597525364493,19,ok,within_chunk
scene0711_00,random,512,46,30,19,0.7991224213650352,0.03728220821514072,19,0.6828568492522652,0.08175618836071913,19,0.11626557211276993,0.08377242694712247,19,0.09972773527713859,0.09511335886064791,19,0.17772745777488771,0.15940582486681837,19,0.48461779999931337,0.2162793824950643,19,0.4305176280046764,0.27641476233276757,19,ok,within_chunk
scene0711_00,random,768,42,30,19,0.8028433417019091,0.05135465878414595,19,0.6924754349745971,0.08757882125732865,19,0.11036790672731196,0.08274330074487339,19,0.11570403947113753,0.09963612457889441,19,0.20152718868648653,0.16937860802390572,19,0.4685219040806756,0.2315133688224175,19,0.4109360481563367,0.27953101763957133,19,ok,within_chunk
scene0711_00,random,768,43,30,19,0.8073069359126844,0.045884078443559954,19,0.6765850791609922,0.10835113307551866,19,0.13072185675169218,0.10535741451347569,19,0.09554380418481244,0.08819697329005946,19,0.1683127039007234,0.14737614309373798,19,0.49091916771655053,0.2074078824489256,19,0.42613573842927027,0.2525388393599831,19,ok,within_chunk
scene0711_00,random,768,44,30,19,0.9748651793128565,0.011278925522696234,19,0.9570475951111049,0.018819421514145916,19,0.01781758420175177,0.01723908073450948,19,0.09279067647981494,0.08646908332289005,19,0.16651408594828113,0.14713502408238327,19,0.4985805035268264,0.2281424574162126,19,0.44511811121513967,0.2779675998660899,19,ok,within_chunk
scene0711_00,random,768,45,30,19,0.9763596183375308,0.010479507432103657,19,0.9596286799314582,0.01700556243808023,19,0.0167309384060727,0.015606151049905061,19,0.10772641245612675,0.09418242714583543,19,0.18767278390463427,0.15649070573895107,19,0.4842046191747997,0.2427365692444096,19,0.4335388227512962,0.3047550645946534,19,ok,within_chunk
scene0711_00,random,768,46,30,19,0.978287376855549,0.006296126340560113,19,0.966367424495298,0.010919372883835663,19,0.011919952360251182,0.009377008873855164,19,0.10421219854307442,0.09349589893603849,19,0.18824041380516243,0.159280352883575,19,0.4875404947200964,0.23646113984875927,19,0.4293728949208009,0.2893887604825752,19,ok,within_chunk
scene0711_00,random,1024,42,30,19,0.8104568594380429,0.045402910269659036,19,0.6974215021682418,0.08628085583145811,19,0.11303535726980092,0.08472816684452297,19,0.11111205065723545,0.09894824188803265,19,0.1992772771545445,0.17337349629831822,19,0.47647970375821436,0.2407554528678857,19,0.4168205037713051,0.2858118416489624,19,ok,within_chunk
scene0711_00,random,1024,43,30,19,0.8013586684277183,0.05009169750031772,19,0.6684003769515371,0.10783840428785187,19,0.13295829147618116,0.10605252767257495,19,0.09329033249869047,0.09236031950570711,19,0.16570503433719325,0.15692557357474832,19,0.48911018672136264,0.2185401389423971,19,0.4263495018607692,0.2585361193096959,19,ok,within_chunk
scene0711_00,random,1024,44,30,19,0.9696474765476427,0.012435701995918902,19,0.9497684183140706,0.02037281417236863,19,0.019879058233572194,0.018333297082566268,19,0.0978143695311143,0.09294338080390804,19,0.17434903894796153,0.15274742831094618,19,0.49664830613653915,0.2343604278071616,19,0.4445068161738546,0.2857186342592517,19,ok,within_chunk
scene0711_00,random,1024,45,30,19,0.9704633072802895,0.011150151739792932,19,0.9505561885945328,0.018894084354235608,19,0.019907118685756685,0.01751057702218561,19,0.10389070858223977,0.09377250389435988,19,0.18453576051990075,0.15808000958410404,19,0.4921317584272857,0.24481259677765768,19,0.43894749252419724,0.3113563566561437,19,ok,within_chunk
scene0711_00,random,1024,46,30,19,0.9717632532119751,0.008747635554265066,19,0.9550060343987541,0.015568213313650334,19,0.016757218813220932,0.013691543753186614,19,0.1031050283770962,0.08927980129674291,19,0.18396738966018522,0.1568192360206941,19,0.4903190616030691,0.22899755812427725,19,0.43408980730332825,0.28648181231693204,19,ok,within_chunk
