scene,method,dimensions,repeat,contributing_rows,valid_rows,positive_similarity,positive_similarity_std,positive_similarity_count,negative_similarity,negative_similarity_std,negative_similarity_count,similarity_gap,similarity_gap_std,similarity_gap_count,retrieval_voxel_hit,retrieval_voxel_hit_std,retrieval_voxel_hit_count,retrieval_hit_distance,retrieval_hit_distance_std,retrieval_hit_distance_count,retrieval_world_error_mean,retrieval_world_error_mean_std,retrieval_world_error_mean_count,retrieval_world_error_median,retrieval_world_error_median_std,retrieval_world_error_median_count,status,scope
scene0707_00,ablation_iterative,128,0,31,31,0.8444875555653726,0.041363373423080226,31,0.6528424944376655,0.05861320033790443,31,0.19164506112770707,0.052372701358577856,31,0.3421772703013159,0.12426954832665461,31,0.5061323063811031,0.1578901249520703,31,0.22321278810642145,0.10777057730927232,31,0.11867135366605173,0.06039753189878349,31,ok,all_pairs
scene0707_00,ablation_iterative,256,0,31,31,0.873919335103804,0.03561251946725062,31,0.7204512986211222,0.04395543094540444,31,0.15346803648268195,0.04044416024198518,31,0.3687889070936104,0.13210400224259047,31,0.5331220426656613,0.15701981445122823,31,0.19940339371377708,0.09810137365306783,31,0.11185555580642915,0.060056135725573834,31,ok,all_pairs
scene0707_00,ablation_iterative,384,0,31,31,0.8833017637652736,0.034531539961282956,31,0.7440793975893084,0.03780413368930157,31,0.13922236617596515,0.03391545747807918,31,0.3718414009881571,0.12912208563519484,31,0.541661272541807,0.15979692223371897,31,0.19569726635645596,0.10037100448675955,31,0.11306706383343666,0.059238186059847826,31,ok,all_pairs
scene0707_00,ablation_iterative,512,0,31,31,0.8947742062230264,0.03522601623639524,31,0.7705260279386954,0.03609656645962521,31,0.12424817828433114,0.03052494647534886,31,0.36843914059775273,0.13262817124518067,31,0.5346606912758797,0.1580151527568379,31,0.19338394453123406,0.09249964449672873,31,0.11356421668202646,0.05822310398603157,31,ok,all_pairs
scene0707_00,ablation_iterative,768,0,31,31,0.8995327257340954,0.03293002521198742,31,0.7776232457886213,0.03502267511554137,31,0.12190947994547409,0.02996383259152575,31,0.36714241023278443,0.12834774476122837,31,0.5355199841722584,0.15680380102175182,31,0.19526625805973652,0.08987110831852406,31,0.11270512508288506,0.05284145337118823,31,ok,all_pairs
scene0707_00,ablation_iterative,1024,0,31,31,0.9169342979308097,0.032468378787555645,31,0.813739536669658,0.030843623057774137,31,0.10319476126115158,0.026474858478858772,31,0.33484156581204155,0.13052530735105197,31,0.49868940997301475,0.160508172365212,31,0.21327376736691736,0.0976435807021091,31,0.1203139609386844,0.059244221044249874,31,ok,all_pairs
scene0707_00,ablation_once,128,0,31,31,0.9240282504789291,0.035926717147576614,31,0.8441725236988392,0.032217947339498974,31,0.07985572678009,0.019263462974692527,31,0.26017321186511,0.10916110321440374,31,0.39467420966176153,0.14414545638617182,31,0.2814573123176066,0.13391379350939578,31,0.16874376576273672,0.0886126409910605,31,ok,all_pairs
scene0707_00,ablation_once,256,0,31,31,0.9155295914219271,0.040746750124654174,31,0.8212370426687263,0.03652764798232699,31,0.09429254875320092,0.022769180912706032,31,0.29450804757833104,0.12304639968954767,31,0.44328102526587837,0.15019826379486578,31,0.25025859687416535,0.11675130855355134,31,0.14945807043583162,0.08168204353893589,31,ok,all_pairs
scene0707_00,ablation_once,384,0,31,31,0.9183031435935728,0.03450678371053579,31,0.8254282756760734,0.031017335419666118,31,0.09287486791749945,0.022141602137438054,31,0.31511866443542286,0.12646151396444863,31,0.46351832183636954,0.15508824497390228,31,0.23423679824963217,0.10684346709984424,31,0.13875986972162802,0.07314451711852277,31,ok,all_pairs
scene0707_00,ablation_once,512,0,31,31,0.9171823167031811,0.034371626682091344,31,0.8233132391032855,0.030356901053606188,31,0.09386907759989575,0.022762730704086444,31,0.3182865429489266,0.12973816538718796,31,0.47374028443771676,0.1588252106071282,31,0.2306673068754683,0.11000260310947939,31,0.13626540572412552,0.07310357278457572,31,ok,all_pairs
scene0707_00,ablation_once,768,0,31,31,0.9185501221687563,0.033318866432183264,31,0.8244520709435864,0.030631363108878294,31,0.09409805122516993,0.02265216300224833,31,0.3315585279980037,0.133818841572374,31,0.48845490819178566,0.15980329032683446,31,0.22685822756658533,0.11076265821567424,31,0.1306120790541172,0.07241831889893426,31,ok,all_pairs
scene0707_00,ablation_once,1024,0,31,31,0.9169342979308097,0.032468378787555645,31,0.813739536669658,0.030843623057774137,31,0.10319476126115158,0.026474858478858772,31,0.33484156581204155,0.13052530735105197,31,0.49868940997301475,0.160508172365212,31,0.21327376736691736,0.0976435807021091,31,0.1203139609386844,0.059244221044249874,31,ok,all_pairs
scene0707_00,centered_full,1536,0,31,31,0.6895410476192352,0.10977644430339623,31,0.29498129508447474,0.12083155184342428,31,0.3945597525347604,0.13078432272219648,31,0.31515936220397484,0.12221321709764035,31,0.4754485034851895,0.14821983056706856,31,0.2251085495524159,0.09822167802816803,31,0.13523535802960396,0.07708628460087125,31,ok,all_pairs
scene0707_00,original,1536,0,31,31,0.9813027381896973,0.007898001138581223,31,0.9541693786382246,0.008041741779473083,31,0.027133359551472454,0.008259514921524689,31,0.31149238538086066,0.12511192372771843,31,0.4747771621165254,0.15426089731863069,31,0.22930211920127985,0.0996411074359249,31,0.13034268540720786,0.06298256647994516,31,ok,all_pairs
scene0707_00,pca,128,0,31,31,0.7252692609064041,0.11382953156484997,31,0.31375747722977726,0.12882230061693317,31,0.4115117836766268,0.1401614549069985,31,0.2956827939453574,0.12100635141490397,31,0.4515340935329699,0.14827279239927174,31,0.24405936762269043,0.11086525953013238,31,0.1517188772559166,0.09568734854623712,31,ok,all_pairs
scene0707_00,pca,256,0,31,31,0.7084569104256169,0.11218512115969645,31,0.3042502618282811,0.1255359017676708,31,0.40420664859733585,0.13578967834893044,31,0.3080376607254777,0.12272598010685296,31,0.46664996130285724,0.14818488125157686,31,0.23494799752701304,0.10600506684555168,31,0.14200996511405514,0.08481288287965333,31,ok,all_pairs
scene0707_00,pca,384,0,31,31,0.7009590171998547,0.11117145586418532,31,0.3003105463407952,0.12383399854266317,31,0.40064847085905947,0.13386661088259616,31,0.3107322620312897,0.12136381779982748,31,0.4707601314434692,0.14458521391884743,31,0.23120512992835032,0.10236872398391701,31,0.13966389973798105,0.08040212772752199,31,ok,all_pairs
scene0707_00,pca,512,0,31,31,0.6969624507811761,0.11074674493541033,31,0.2983216519074744,0.12286877040799717,31,0.3986407988737018,0.13281129067683609,31,0.3126420960408234,0.12077979778569649,31,0.47256983512671635,0.1448122046902726,31,0.2297515640904281,0.1022066092589277,31,0.13989730756128987,0.08199065758304605,31,ok,all_pairs
scene0707_00,pca,768,0,31,31,0.6928654226564592,0.11018227183184112,31,0.2964292308547776,0.12179899037946915,31,0.39643619180168166,0.1317194618302703,31,0.3116469600292274,0.12225229698790402,31,0.47300606296476094,0.1470079946838176,31,0.22707189453136864,0.0990272739059997,31,0.1373970178106139,0.07962417821872471,31,ok,all_pairs
scene0707_00,pca,1024,0,31,31,0.6909268238852101,0.10994614849722988,31,0.2955840376782612,0.1212473599898304,31,0.3953427862069489,0.13118596322742965,31,0.31343690776839356,0.12255433060543111,31,0.4741452690065431,0.14755162355924833,31,0.22561507747672774,0.09791284680836251,31,0.13671571533045462,0.07784653908680024,31,ok,all_pairs
scene0707_00,random,128,42,31,31,0.9188889726515739,0.04277030575419775,31,0.8054791237647122,0.043814922779963385,31,0.11340984888686172,0.032029049932332514,31,0.29189507304379375,0.12494610673741449,31,0.43966460026080106,0.1591994175917258,31,0.2506674237878434,0.11160857656270315,31,0.15285095344147376,0.08648559371781275,31,ok,all_pairs
scene0707_00,random,128,43,31,31,0.922743687706609,0.025146425886665193,31,0.8297132851939436,0.02780121723389262,31,0.09303040251266544,0.026212247205976234,31,0.28089282675448485,0.12031236795711765,31,0.41332892164132107,0.14424347346130187,31,0.2725010262278782,0.11882942508767455,31,0.16747098139697505,0.09377811069133243,31,ok,all_pairs
scene0707_00,random,128,44,31,31,0.9299152474249562,0.03320867026832609,31,0.8194148881483753,0.03369587469343819,31,0.1105003592765811,0.0318992809531153,31,0.2594951856251765,0.11642379527923381,31,0.40228091788352016,0.14623670828520652,31,0.28619353585047275,0.13073244925933827,31,0.17720944518523832,0.09674256559345307,31,ok,all_pairs
scene0707_00,random,128,45,31,31,0.9273518285443706,0.027009393514333985,31,0.8264350537374084,0.028457109996681856,31,0.10091677480696196,0.03131877112041571,31,0.2514738466382722,0.10922326036653802,31,0.3987039487261538,0.14445358711713605,31,0.27831980905546433,0.12428863589058589,31,0.17265066047829966,0.08979893152452,31,ok,all_pairs
scene0707_00,random,128,46,31,31,0.8940191845740041,0.045097468541646965,31,0.7852143144634022,0.0419447118743426,31,0.10880487011060198,0.02753456725512565,31,0.26682639572481753,0.11667351162669268,31,0.41339702690477154,0.14547349297184844,31,0.29159736705885264,0.14446926066565138,31,0.17468138447692316,0.099740996712996,31,ok,all_pairs
scene0707_00,random,256,42,31,31,0.9169878382836619,0.0438747994254938,31,0.8053633381237618,0.043152470926623804,31,0.11162450015990018,0.030270042558163363,31,0.31663251081314114,0.1297372289648098,31,0.4727071752965107,0.1626911202318198,31,0.23406221385920858,0.11433397336046375,31,0.13773565595188447,0.07365283517674913,31,ok,all_pairs
scene0707_00,random,256,43,31,31,0.9336223102384998,0.03327420191969881,31,0.8403384121268375,0.03286389913545646,31,0.09328389811166239,0.02979282673960211,31,0.2904202848938127,0.1144168220071283,31,0.43524419823155924,0.1420239897269199,31,0.25975253693909506,0.1363961605030347,31,0.1616283604694951,0.11317609488576945,31,ok,all_pairs
scene0707_00,random,256,44,31,31,0.9177481224459987,0.03813200022027352,31,0.8077895995289367,0.03174932768062073,31,0.10995852291706218,0.02903481040237525,31,0.27663687291095634,0.11908364121967725,31,0.4188803951005948,0.15579395446358293,31,0.27541329786429336,0.13670849330166304,31,0.17282546107326785,0.10886970767658813,31,ok,all_pairs
scene0707_00,random,256,45,31,31,0.925944826295299,0.03184539657619573,31,0.8210732438410271,0.03019601999936924,31,0.1048715824542718,0.02953483403621344,31,0.29643873321954506,0.12381761167064724,31,0.45020782055940406,0.15322701456173132,31,0.24105303351370816,0.10470280241911449,31,0.14813314005732536,0.08111867704986533,31,ok,all_pairs
scene0707_00,random,256,46,31,31,0.911025877921812,0.03682640998248719,31,0.8001924437722646,0.03431076344189649,31,0.11083343414954723,0.031130490857934907,31,0.3018616744370297,0.1249585414793235,31,0.4576155167441673,0.15927654794438004,31,0.23374754993807156,0.10704759055449387,31,0.14170132036651334,0.07680085127199973,31,ok,all_pairs
scene0707_00,random,384,42,31,31,0.9195036138257673,0.038502701544066764,31,0.8180927947384302,0.035932617412589296,31,0.10141081908733712,0.025183731917187084,31,0.3106240563326353,0.13120770890567884,31,0.4684764449262453,0.16002408600616477,31,0.23232847048001953,0.11298132981131936,31,0.13694475434960857,0.07695054371653798,31,ok,all_pairs
scene0707_00,random,384,43,31,31,0.9273013626375506,0.03850943057185694,31,0.8276969597486367,0.037371789506564855,31,0.09960440288891387,0.02912379585667099,31,0.3087348222496872,0.12075027500330136,31,0.45720063341998796,0.1532587831809639,31,0.24522733084935644,0.12225137257898012,31,0.15158603027943643,0.09646661475988397,31,ok,all_pairs
scene0707_00,random,384,44,31,31,0.9938519058688995,0.002479376154920142,31,0.9837273490549466,0.0031052541740306983,31,0.01012455681395267,0.0033197172809514308,31,0.29259163791406173,0.12649238286842096,31,0.44584007098343215,0.1564284665631342,31,0.2546884637145422,0.12933996521272798,31,0.15579052437697688,0.09946364282245632,31,ok,all_pairs
scene0707_00,random,384,45,31,31,0.9941928867370852,0.0021980449131750335,31,0.9854362043765379,0.002274334774630281,31,0.008756682360547035,0.002387425592982273,31,0.2930550965948573,0.12504021516672106,31,0.4446543559461862,0.16013851984014013,31,0.24915882806531148,0.115572076633996,31,0.14869349642146018,0.07683280979909413,31,ok,all_pairs
scene0707_00,random,384,46,31,31,0.9052096509164379,0.03890723765539022,31,0.7883787986355181,0.03661193329832784,31,0.11683085228091995,0.03196828932191541,31,0.3042894566467336,0.11397285964078994,31,0.4670421323417541,0.14784103792649855,31,0.23117493178510798,0.10499475755993407,31,0.13445016861923278,0.06622428949268444,31,ok,all_pairs
scene0707_00,random,512,42,31,31,0.9150655346532022,0.04176597557021013,31,0.8130256802375032,0.03797733993614881,31,0.10203985441569907,0.02548595180309242,31,0.3086383271497743,0.1277901239774414,31,0.4681595315162899,0.16114134341689074,31,0.23826653735862693,0.12298187475983617,31,0.13899598607132513,0.07868206484653123,31,ok,all_pairs
scene0707_00,random,512,43,31,31,0.9244971063829237,0.04106722669710148,31,0.8224491267241348,0.039627190225006534,31,0.10204797965878873,0.02975114285872015,31,0.3147596131381324,0.1225103405231985,31,0.4678415313015001,0.15340073113901462,31,0.23071152390736668,0.11507689861730554,31,0.13780144505923794,0.07330426201362776,31,ok,all_pairs
scene0707_00,random,512,44,31,31,0.9925491829072276,0.002921449024542714,31,0.9809746941228203,0.003371134983818353,31,0.011574488784407259,0.0035959402692234918,31,0.3011590044489798,0.1351002749901105,31,0.4568370355348409,0.16469659951989,31,0.243352643602848,0.11957183987209238,31,0.14475658295616026,0.08314798814130178,31,ok,all_pairs
scene0707_00,random,512,45,31,31,0.9926599091099154,0.002871407670540055,31,0.9822547049251952,0.002737126620948196,31,0.01040520418472028,0.002699971116226504,31,0.299952567456452,0.1268355404471776,31,0.4550091272128677,0.16346657763898864,31,0.2388659147400116,0.11275302996845736,31,0.14520291058767226,0.07560364586590866,31,ok,all_pairs
scene0707_00,random,512,46,31,31,0.9049827148837428,0.045312272594178554,31,0.7771801181054302,0.044835572472891196,31,0.12780259677831257,0.04034665017323321,31,0.3060890631828349,0.11544451262153757,31,0.4663381674283385,0.14250782970116466,31,0.23809542454940108,0.11719945689172549,31,0.13969819055449578,0.07693995874243961,31,ok,all_pairs
scene0707_00,random,768,42,31,31,0.9104298180149447,0.03978173639129617,31,0.8022849395125422,0.03635712133046285,31,0.10814487850240259,0.02673512571395471,31,0.3120858013714333,0.13414039212691023,31,0.4706424838171007,0.17091600697548295,31,0.2373778660964747,0.12575659874268008,31,0.13963381429353067,0.08649705442933116,31,ok,all_pairs
scene0707_00,random,768,43,31,31,0.9196054820091494,0.041458888949794506,31,0.8036982401937856,0.04162979847943364,31,0.1159072418153637,0.03697498890020209,31,0.3086723895204945,0.12002927559914171,31,0.4640867560498504,0.15220246670887708,31,0.2340702418314043,0.10279916844387384,31,0.13975173451246753,0.07136342318027086,31,ok,all_pairs
scene0707_00,random,768,44,31,31,0.9893818613021604,0.004290823771189175,31,0.9733927104683431,0.004508805667747963,31,0.015989150833817266,0.004788133612217412,31,0.3128685227976698,0.1335479249272058,31,0.46892178695191594,0.16373443989850028,31,0.23934692906562002,0.11989866722330726,31,0.14363636665286555,0.08102490807574901,31,ok,all_pairs
scene0707_00,random,768,45,31,31,0.989539425219259,0.004220496024048048,31,0.9743531935019676,0.004086811578965854,31,0.015186231717291344,0.004107041887708734,31,0.31462271516321794,0.12954754329914558,31,0.4740306816056352,0.16065795263782906,31,0.2310232009033796,0.1072809151400107,31,0.13461599907567423,0.07277285036353308,31,ok,all_pairs
scene0707_00,random,768,46,31,31,0.9892930830678632,0.004407090171583859,31,0.9743000423002169,0.004515120593675619,31,0.014993040767646286,0.004708060368699273,31,0.3009700053785252,0.12350799782830339,31,0.46180900243209644,0.15360187815094895,31,0.24174863530374371,0.1088142178267324,31,0.14134505703564612,0.07573294918872504,31,ok,all_pairs
scene0707_00,random,1024,42,31,31,0.9157675024001829,0.037079267645763296,31,0.8054613543068727,0.03428953211332469,31,0.11030614809331005,0.0288139937515353,31,0.32641606388238137,0.12741617437315314,31,0.4898428118099737,0.15332592954609675,31,0.2216405197195949,0.10864528129492193,31,0.12750952294276607,0.06953491134906714,31,ok,all_pairs
scene0707_00,random,1024,43,31,31,0.9158337635378684,0.041411511550306805,31,0.7965411828395264,0.03958715375948698,31,0.11929258069834196,0.0349387530337401,31,0.31785440626463235,0.12283913717091811,31,0.47512863975099,0.15101371482052875,31,0.2253057793405781,0.09909166354979809,31,0.13133498329308727,0.06388906131604342,31,ok,all_pairs
scene0707_00,random,1024,44,31,31,0.9867324329191639,0.0052546112872040255,31,0.9677849656168145,0.005298730361431746,31,0.018947467302349436,0.005434884480788833,31,0.3146256349664007,0.13200092841338623,31,0.47155915390436515,0.16371877150714417,31,0.2372942120497378,0.11763510807292599,31,0.14066958643736377,0.07669973968864771,31,ok,all_pairs
scene0707_00,random,1024,45,31,31,0.9865816870043355,0.005569865273060887,31,0.9667213485814797,0.005735706573494686,31,0.019860338422855714,0.0059358405084078796,31,0.3155134319804408,0.12843358202991026,31,0.4750327054662941,0.15828803824694326,31,0.2325732741318993,0.11125681311232959,31,0.13370865174839575,0.06986331558823256,31,ok,all_pairs
scene0707_00,random,1024,46,31,31,0.9864060897980967,0.0058305339971160665,31,0.967202740649261,0.005815826405687594,31,0.019203349148835622,0.005980231059022614,31,0.3070299395271215,0.11587811572835612,31,0.4690090595673192,0.15035166833577118,31,0.23151227325063858,0.09854391610031206,31,0.13475106139817544,0.06591831223355864,31,ok,all_pairs
scene0708_00,ablation_iterative,128,0,31,31,0.8756607867056324,0.042216977567441534,31,0.750272735338014,0.03551465038870193,31,0.12538805136761844,0.031301194698605164,31,0.335999556979655,0.17271424116224546,31,0.3732654474063548,0.17266063215380006,31,0.39473593466058154,0.2061193901590379,31,0.24547611056796967,0.2045227222973209,31,ok,all_pairs
scene0708_00,ablation_iterative,256,0,31,31,0.8635287900124827,0.03943550668226086,31,0.7170872825127818,0.03489975113944102,31,0.14644150749970086,0.03989063467484121,31,0.34038445094878816,0.16502726462252196,31,0.38358509062730817,0.16451324576986953,31,0.3931324509148927,0.2224877303331274,31,0.25158452783380786,0.21060869556615297,31,ok,all_pairs
scene0708_00,ablation_iterative,384,0,31,31,0.8745304980585652,0.0408230785126056,31,0.7444239447037917,0.03555213879200209,31,0.13010655335477334,0.03664115031011048,31,0.34651882996087374,0.16013777996700482,31,0.3901672911836391,0.1559109911814669,31,0.39170326187653787,0.20881123749373098,31,0.24787739640282047,0.21136479848642975,31,ok,all_pairs
scene0708_00,ablation_iterative,512,0,31,31,0.8662908519468,0.043022204566512276,31,0.7309916005305955,0.038697348675511084,31,0.1352992514162046,0.03719415975298356,31,0.3293789367741745,0.15948953252090065,31,0.3761925183042067,0.1572101140948419,31,0.3890544287216062,0.1902659402907761,31,0.25172769891158225,0.20477218943496717,31,ok,all_pairs
scene0708_00,ablation_iterative,768,0,31,31,0.8770449988303646,0.042529240883390496,31,0.7517756396399331,0.03857201427853724,31,0.12526935919043142,0.033779340978608505,31,0.33374313987294923,0.17078804174463116,31,0.3826014171615331,0.16844009930025136,31,0.3702849257820051,0.19856158987809366,31,0.24530223336431287,0.20605081814370813,31,ok,all_pairs
scene0708_00,ablation_iterative,1024,0,31,31,0.8939977865065297,0.03942831477892043,31,0.7912526653253823,0.03494246719238157,31,0.10274512118114722,0.02739390279941694,31,0.32058214527478357,0.16436971094381067,31,0.37146229987684315,0.16862962513004354,31,0.38459852488189916,0.19712465962759365,31,0.24407171361869381,0.19013225238008494,31,ok,all_pairs
scene0708_00,ablation_once,128,0,31,31,0.9109411451124376,0.046275077413009964,31,0.8179142231802056,0.049770920886560155,31,0.09302692193223197,0.029435544888392822,31,0.26251142207575273,0.1427975269084972,31,0.30933232182902065,0.14887451924662887,31,0.4477779611245094,0.23078615992171525,31,0.31683727161538217,0.24651522102736206,31,ok,all_pairs
scene0708_00,ablation_once,256,0,31,31,0.9041472192733518,0.04341159575776058,31,0.8062768815121355,0.04361835133347219,31,0.09787033776121648,0.02798789840115944,31,0.29659173756084567,0.14242664944288613,31,0.3466931188349745,0.1504592649326316,31,0.41095282017734663,0.20491672498908634,31,0.2812549050056165,0.2195219252286172,31,ok,all_pairs
scene0708_00,ablation_once,384,0,31,31,0.9024163696073717,0.040536152500757566,31,0.8051706004159488,0.03913154465169995,31,0.09724576919142285,0.02694533927687387,31,0.3129011477644225,0.1478859893615261,31,0.3668984192414567,0.14867134263804907,31,0.38581288321865453,0.1856596351355463,31,0.2551003961313155,0.18424580613392927,31,ok,all_pairs
scene0708_00,ablation_once,512,0,31,31,0.8990756638588444,0.03998492074726882,31,0.7996618357358852,0.038000886083413496,31,0.09941382812295925,0.02742589796764973,31,0.314683902926293,0.15536790145884494,31,0.36478695939693434,0.15948448120828224,31,0.39184674438113276,0.19722032959503785,31,0.25482220515128107,0.1955238941535037,31,ok,all_pairs
scene0708_00,ablation_once,768,0,31,31,0.898070635334138,0.03876300335698219,31,0.7988758418724276,0.03516668720290304,31,0.09919479346171034,0.026788961268450727,31,0.3224076157823029,0.1635378860614257,31,0.37067670645810374,0.1655052077557583,31,0.3738739890014014,0.19053704701990712,31,0.2420742032268355,0.1963728686488184,31,ok,all_pairs
scene0708_00,ablation_once,1024,0,31,31,0.8939977865065297,0.03942831477892043,31,0.7912526653253823,0.03494246719238157,31,0.10274512118114722,0.02739390279941694,31,0.32058214527478357,0.16436971094381067,31,0.37146229987684315,0.16862962513004354,31,0.38459852488189916,0.19712465962759365,31,0.24407171361869381,0.19013225238008494,31,ok,all_pairs
scene0708_00,centered_full,1536,0,31,31,0.7099172636385886,0.1307671984255378,31,0.4265289275831507,0.1688041165001636,31,0.283388336055438,0.10822867134248966,31,0.28252053768188007,0.16227443460070035,31,0.3284992467100131,0.1688369132178599,31,0.44393623102007557,0.25365416562850734,31,0.3384472713355095,0.3134672952084814,31,ok,all_pairs
scene0708_00,original,1536,0,31,31,0.9777755468122421,0.010438811201562771,31,0.9543173848055972,0.011113087703571122,31,0.023458162006644932,0.008097420297739522,31,0.27476126851991717,0.1598814661560696,31,0.3185456789289051,0.16753243168421084,31,0.4537133316924282,0.26128756050058455,31,0.3393604809478406,0.2950253177661298,31,ok,all_pairs
scene0708_00,pca,128,0,31,31,0.7450164873753825,0.13537506159574206,31,0.4561063446537137,0.18169673307349307,31,0.2889101427216687,0.11790932338065697,31,0.2533812716203068,0.15756489716443528,31,0.29991615417457984,0.16337393896082808,31,0.4843373897881945,0.2996343353732731,31,0.3773326727171098,0.37949302077781416,31,ok,all_pairs
scene0708_00,pca,256,0,31,31,0.7285950203095714,0.13315071047637328,31,0.44218975632123636,0.1763193111950475,31,0.286405263988335,0.11333356169968807,31,0.2695091592514259,0.1593465127715973,31,0.3159123164968763,0.1656362021225422,31,0.47219756491768133,0.29006149400870773,31,0.36025687619563074,0.34681465851911025,31,ok,all_pairs
scene0708_00,pca,384,0,31,31,0.7213552824912532,0.1322733285812617,31,0.4362180901081282,0.17384014688188154,31,0.28513719238312507,0.1115117533346802,31,0.2742868062808968,0.16479804652444033,31,0.31998542398868984,0.16969634893234373,31,0.4640750685501937,0.2788667228204664,31,0.356735200410889,0.35019508660799786,31,ok,all_pairs
scene0708_00,pca,512,0,31,31,0.717425545377116,0.13175860909476958,31,0.4329526475028341,0.17218627465592273,31,0.2844728978742819,0.11036243981184483,31,0.2768647174247564,0.16571789599928702,31,0.3225633351325494,0.1708378357031227,31,0.4631690308029945,0.2798625667763207,31,0.35619288298391527,0.3508573442692191,31,ok,all_pairs
scene0708_00,pca,768,0,31,31,0.7132659785209163,0.1312505986797219,31,0.42940549498152214,0.17051441291927644,31,0.28386048353939425,0.10925685758363374,31,0.2786106722285038,0.15964468751835523,31,0.3248853268026563,0.1661285053496775,31,0.44887424685154786,0.25427113248311556,31,0.339507371908234,0.3136423231363151,31,ok,all_pairs
scene0708_00,pca,1024,0,31,31,0.7113479808453591,0.13095534092122862,31,0.42777404509837896,0.16956635714184323,31,0.28357393574698014,0.10868954323994798,31,0.2782947222101162,0.15895877478060486,31,0.3245400268127626,0.16576305185674478,31,0.4464811088781038,0.2528945769127746,31,0.33927228109490487,0.31333630412763397,31,ok,all_pairs
scene0708_00,random,128,42,31,31,0.9164057893137778,0.04514504885134065,31,0.8223622558622279,0.053314383027134225,31,0.09404353345154996,0.032132949903654034,31,0.27259472990710176,0.1409469785533602,31,0.3207986935213022,0.14768141603595408,31,0.4757085639508032,0.25925296064676295,31,0.34477007244863817,0.30693704010245265,31,ok,all_pairs
scene0708_00,random,128,43,31,31,0.9129633095956617,0.029186100503118144,31,0.8354908295025872,0.023205541395312425,31,0.07747248009307472,0.020426059575917668,31,0.25259937491746093,0.13680133262024932,31,0.2963326681225152,0.13804553350709123,31,0.5019757136258055,0.2452898769086506,31,0.34974391253725173,0.25047061276178134,31,ok,all_pairs
scene0708_00,random,128,44,31,31,0.9201107851920589,0.04778169471193697,31,0.834770552589246,0.05558132150731682,31,0.08534023260281293,0.03512259382751267,31,0.23273356663105896,0.14454396932259808,31,0.2708687588951923,0.15495499307010122,31,0.5261037404759867,0.30701494144429986,31,0.41446574344750375,0.3704710816544478,31,ok,all_pairs
scene0708_00,random,128,45,31,31,0.9160735145691903,0.03513008296733589,31,0.8295667142642894,0.04118014966097735,31,0.08650680030490088,0.027667621063851,31,0.23022525145291373,0.14393891095829991,31,0.27104859221562516,0.14448190284738835,31,0.5249090296987247,0.2673184131167697,31,0.39134407644310304,0.306094660952583,31,ok,all_pairs
scene0708_00,random,128,46,31,31,0.8815375201163753,0.04487979696152632,31,0.7757337976615395,0.03679679730256844,31,0.10580372245483595,0.03228026956414726,31,0.2513786079366856,0.1619057916167353,31,0.2927418333190058,0.1704723215789878,31,0.4734378436656149,0.23502065599509447,31,0.33659593520625947,0.25811375931272346,31,ok,all_pairs
scene0708_00,random,256,42,31,31,0.9165242122065637,0.045805244204222134,31,0.8278952042022638,0.05472535639663326,31,0.08862900800430001,0.03279711459299118,31,0.28083117832553245,0.14875602984949685,31,0.3274102047863146,0.15791109927882646,31,0.43958814671661905,0.26147989672965954,31,0.34022708044898126,0.30328212874284965,31,ok,all_pairs
scene0708_00,random,256,43,31,31,0.9260700383493977,0.03907182171088023,31,0.8527946011701597,0.04142908667571445,31,0.07327543717923805,0.02353257442165427,31,0.25344432560284696,0.15423751496755997,31,0.29982505534930776,0.16652371778695305,31,0.47278822783342594,0.24157654028697473,31,0.34314566538218527,0.2980202533880362,31,ok,all_pairs
scene0708_00,random,256,44,31,31,0.9061270721497074,0.04730901007022706,31,0.8150016042293419,0.05009502108603885,31,0.09112546792036541,0.03118311183927811,31,0.23860837836251728,0.15055104439230813,31,0.28305703938769444,0.15730580308170586,31,0.48257292029869425,0.23297164278564952,31,0.3563741053785047,0.2491465266279125,31,ok,all_pairs
scene0708_00,random,256,45,31,31,0.9187870025634766,0.03853969197672436,31,0.8338437992236114,0.04601333446414354,31,0.0849432033398651,0.03113437718659578,31,0.25891320981668,0.14379645380579614,31,0.3037940941759836,0.15032433824047176,31,0.4882153703943312,0.25808636416456227,31,0.3378225616630047,0.2988009737733757,31,ok,all_pairs
scene0708_00,random,256,46,31,31,0.8955822144785235,0.04877608954885749,31,0.7967653748875941,0.049597286248122756,31,0.09881683959092949,0.03084374472933052,31,0.25978062465044727,0.1402588952332753,31,0.30629641217731846,0.1528557087507213,31,0.4394844326418165,0.2147721739507613,31,0.29862434176668046,0.2156226843219967,31,ok,all_pairs
scene0708_00,random,384,42,31,31,0.9145763477971477,0.041674785463148144,31,0.8283411920848073,0.044813290648985156,31,0.08623515571234038,0.028672796906806252,31,0.28499521476897083,0.15151611843721768,31,0.32872280732250003,0.16102399460369193,31,0.4421445602567305,0.2542224854163498,31,0.3261705254835467,0.28463906187514015,31,ok,all_pairs
scene0708_00,random,384,43,31,31,0.9211861683476356,0.04594345353413248,31,0.8437822888174431,0.051930637376591544,31,0.0774038795301924,0.029154590378350758,31,0.26421037382269563,0.15543578263421692,31,0.3031765679299264,0.1617998877041514,31,0.4639237115308136,0.2659623936317134,31,0.35272758802579296,0.333659754605738,31,ok,all_pairs
scene0708_00,random,384,44,31,31,0.9924804991291415,0.0037750648007103117,31,0.9838545181846947,0.0046097547271150355,31,0.008625980944446826,0.003578627635566458,31,0.24180838943094096,0.1469494709395718,31,0.2813625858665025,0.15570074301454218,31,0.47406212171929984,0.24951401873227091,31,0.3666947815687426,0.2914711309702356,31,ok,all_pairs
scene0708_00,random,384,45,31,31,0.9930729443027128,0.0029956503723380964,31,0.9853945146392008,0.0034560984099946575,31,0.007678429663511872,0.0028412015614406555,31,0.2694380418456049,0.1500104766133426,31,0.31278369629072406,0.15572934249799036,31,0.45929385130213796,0.2340572894206649,31,0.3233672963275063,0.27277965387104447,31,ok,all_pairs
scene0708_00,random,384,46,31,31,0.8908646933494075,0.048761095328779425,31,0.7896345941167626,0.04860136722679135,31,0.10123009923264506,0.030863059812050817,31,0.26711964081385486,0.143114028080364,31,0.31414698791879087,0.1464097992670543,31,0.4477982022995063,0.248057822401522,31,0.3267554748923548,0.28540382389577057,31,ok,all_pairs
scene0708_00,random,512,42,31,31,0.909419096285297,0.04350261696557194,31,0.8221765012771111,0.04578022901406877,31,0.08724259500818597,0.028783004179679897,31,0.2824617216218939,0.14864343338690844,31,0.3242301342501169,0.15886907333747008,31,0.4347726433401671,0.22850273113941827,31,0.31981309094736654,0.2723506784939643,31,ok,all_pairs
scene0708_00,random,512,43,31,31,0.9185302488265499,0.04964014483316984,31,0.8397228256415561,0.05538999102026766,31,0.07880742318499376,0.030288667875825633,31,0.2570994653966471,0.15413303714344068,31,0.29902925076305387,0.16384459183209343,31,0.4581459704908508,0.27455888577556525,31,0.3501326477816028,0.34140773301792443,31,ok,all_pairs
scene0708_00,random,512,44,31,31,0.9908838906595784,0.0043394195751382285,31,0.9809213906143699,0.004999000855212295,31,0.00996250004520869,0.0038028329226168526,31,0.25147084910881196,0.1588406912795663,31,0.2940538611689906,0.16725769476639493,31,0.47086734657270435,0.2567983610936375,31,0.35262289739424185,0.2879339708186074,31,ok,all_pairs
scene0708_00,random,512,45,31,31,0.9912312549929465,0.0038787497498863595,31,0.9819469746096482,0.004131485882986718,31,0.009284280383298215,0.0033000593837556515,31,0.27149376658184715,0.15774157026620525,31,0.3185753057488266,0.16347098928399786,31,0.4501974217191311,0.24398807581780788,31,0.33151017453882003,0.28516678242633475,31,ok,all_pairs
scene0708_00,random,512,46,31,31,0.8936334367721311,0.05072952329254892,31,0.7882245589610781,0.05335787156714393,31,0.10540887781105311,0.03307959484429073,31,0.27337395699116096,0.1582649916205876,31,0.31804220382880305,0.16656873207441592,31,0.43902058814075,0.24131490622775129,31,0.32332072923741034,0.2725535987762336,31,ok,all_pairs
scene0708_00,random,768,42,31,31,0.902281484296245,0.04326172539527317,31,0.8095425551394916,0.04364414443440798,31,0.0927389291567535,0.029480402466163146,31,0.29125800781814737,0.15134873460759937,31,0.3344798973478266,0.15731636439725313,31,0.4327598452717222,0.2364164943978101,31,0.32114626635466853,0.28216445352298286,31,ok,all_pairs
scene0708_00,random,768,43,31,31,0.9156408386845742,0.045013620094908696,31,0.8263764255304912,0.053462798562538834,31,0.08926441315408298,0.03319547743653214,31,0.26999671257973357,0.15138002473163625,31,0.315068874347149,0.15888582263890288,31,0.44686488140285924,0.2618324128189697,31,0.3498653309239495,0.3222668826767782,31,ok,all_pairs
scene0708_00,random,768,44,31,31,0.9870342958358026,0.0062495921846091014,31,0.9728821544151062,0.007298744098332243,31,0.01415214142069658,0.00564469844673413,31,0.2676927369902125,0.16020823747020993,31,0.31019793629405457,0.16981462320997764,31,0.4609224988884912,0.26334538720958056,31,0.3514300970540893,0.3186149134528564,31,ok,all_pairs
scene0708_00,random,768,45,31,31,0.9873015553720536,0.006107981119600939,31,0.9737005893901268,0.00665708012768568,31,0.01360096598192667,0.005061430697421474,31,0.27544877940827944,0.1656115174811875,31,0.3221299781501352,0.16720995662903274,31,0.45698224980555674,0.2475222609834901,31,0.323834840208292,0.2788980131849986,31,ok,all_pairs
scene0708_00,random,768,46,31,31,0.98718459375443,0.005705980215852879,31,0.9740882807448414,0.005684373890123615,31,0.013096313009588668,0.004211158172547133,31,0.27446923168060533,0.15062951383618875,31,0.3184294524157218,0.16079833743556116,31,0.4545673902034302,0.24986080104517502,31,0.34818856526286374,0.30266652464280086,31,ok,all_pairs
scene0708_00,random,1024,42,31,31,0.905766652476403,0.04216303436902691,31,0.8113415215020661,0.043410130122476014,31,0.0944251309743368,0.029632302179918007,31,0.2945137206308744,0.15255092618473393,31,0.33877591462974976,0.15889671268449662,31,0.4278012080567566,0.24048054679727754,31,0.3196833529058964,0.2843201399592663,31,ok,all_pairs
scene0708_00,random,1024,43,31,31,0.9112009425317088,0.045254376790030304,31,0.8178957938422068,0.052705371791288744,31,0.09330514868950206,0.033791619555075064,31,0.27390752471967816,0.14586165831171408,31,0.3191414545590997,0.15570370468652026,31,0.43548338647230234,0.24753400549908539,31,0.337535155636649,0.29901917470102035,31,ok,all_pairs
scene0708_00,random,1024,44,31,31,0.9839323893670113,0.00744693740960479,31,0.9670771601366228,0.008314452690739044,31,0.016855229230388288,0.006241065353519752,31,0.2731246679089897,0.1521642972386561,31,0.3173356831077839,0.16200527832756564,31,0.4592927749787125,0.25369279748317747,31,0.32918199560334604,0.27812094081591304,31,ok,all_pairs
scene0708_00,random,1024,45,31,31,0.9839552910097183,0.007496451517247982,31,0.9667580148243036,0.00798814988525167,31,0.017197276185414823,0.005942692363456467,31,0.2791609661712794,0.15718009620531484,31,0.32541472555935025,0.1643023918770735,31,0.4452728153236482,0.2541416508180552,31,0.328064291707931,0.2837293457364008,31,ok,all_pairs
scene0708_00,random,1024,46,31,31,0.9838227475843122,0.0075080870156805524,31,0.9672717296277988,0.007630285674821458,31,0.016551017956513443,0.0053964368113622275,31,0.27351818687359525,0.15225612873524313,31,0.319321807883419,0.15855570141395767,31,0.45180510095581955,0.24441600502776167,31,0.32754686510851305,0.26306406398279675,31,ok,all_pairs
scene0709_00,ablation_iterative,128,0,31,31,0.8078102238716618,0.04143805357463285,31,0.6111082993041892,0.05831973549194929,31,0.19670192456747254,0.05363115199461225,31,0.2960424935541685,0.1288655633089159,31,0.4273132552637066,0.1563122051429724,31,0.2810388016147762,0.1203980014950204,31,0.17104802040323133,0.11518723251502362,31,ok,all_pairs
scene0709_00,ablation_iterative,256,0,31,31,0.8370523145121913,0.041117903985153706,31,0.6258043271889302,0.08088728771959379,31,0.21124798732326114,0.0640312894115082,31,0.29129034981847984,0.1384645466555912,31,0.4230057911316668,0.173351470478639,31,0.29409795034671987,0.17041651793632062,31,0.1788148941291917,0.12349938584888086,31,ok,all_pairs
scene0709_00,ablation_iterative,384,0,31,31,0.883137583732605,0.034299023885628964,31,0.7329757748974155,0.0473149330274677,31,0.15016180883518962,0.04199970452656767,31,0.28801302230211595,0.1342921264050182,31,0.4223418488743796,0.16859952308215548,31,0.29007953293621347,0.16663936279381583,31,0.17217772706381737,0.11784925657834829,31,ok,all_pairs
scene0709_00,ablation_iterative,512,0,31,31,0.8983484064379046,0.033086765365756055,31,0.7797954418065943,0.03921426561583663,31,0.11855296463131033,0.032864501677439956,31,0.2838417122142384,0.12406990910251113,31,0.41435886750571044,0.1620295107636035,31,0.2918182578102049,0.15326167770492852,31,0.17996788493567897,0.11794746345560665,31,ok,all_pairs
scene0709_00,ablation_iterative,768,0,31,31,0.899110734462738,0.03266594647766201,31,0.7905893974094771,0.03605261310843618,31,0.10852133705326077,0.030524321715438365,31,0.2816564134640103,0.13002716937467074,31,0.4080441158672277,0.16230444215035175,31,0.3016994162950552,0.15933702148429432,31,0.1846052529590745,0.11861534598981331,31,ok,all_pairs
scene0709_00,ablation_iterative,1024,0,31,31,0.8974898438299855,0.030940741449014448,31,0.7907986688986147,0.035200130005773766,31,0.10669117493137081,0.030304999769218143,31,0.279497307273673,0.13111395462205142,31,0.4089767084385428,0.1668432899228314,31,0.2882594314399439,0.1372148692551601,31,0.18250334851684108,0.11770289619778504,31,ok,all_pairs
scene0709_00,ablation_once,128,0,31,31,0.9109354692120706,0.0297360966847257,31,0.823546581523256,0.02706470724927168,31,0.08738888768881473,0.02519926679013414,31,0.22900142035273757,0.12833206752561566,31,0.34346616331143603,0.16621902120100207,31,0.35623414652386415,0.23503982921034378,31,0.23974587503940828,0.21464995228177658,31,ok,all_pairs
scene0709_00,ablation_once,256,0,31,31,0.89313825291972,0.034283198174640525,31,0.7872526655987222,0.035502520401949386,31,0.10588558732099786,0.031240808211667668,31,0.2532724778264104,0.13021000134785873,31,0.3762416701546114,0.16689612748824628,31,0.31815973321864194,0.18663861619526614,31,0.21141583965189994,0.1653875335132791,31,ok,all_pairs
scene0709_00,ablation_once,384,0,31,31,0.9001097640683574,0.030779488250406314,31,0.7814117707835068,0.03986240196587957,31,0.11869799328485071,0.03506567958266158,31,0.2651462514021064,0.1292891723376988,31,0.38964140746979437,0.1632944629945613,31,0.31049262600910155,0.16126358142699473,31,0.19865223549066052,0.139635268207518,31,ok,all_pairs
scene0709_00,ablation_once,512,0,31,31,0.8991553033551862,0.029462708980247505,31,0.7848130629799198,0.03739466414829781,31,0.11434224037526629,0.03312067283823071,31,0.2740499288112014,0.1310325700420115,31,0.39978374462524574,0.16590473213596163,31,0.30240021309513354,0.15040131520476516,31,0.19648754308300634,0.14011791811408691,31,ok,all_pairs
scene0709_00,ablation_once,768,0,31,31,0.8991064429283142,0.030561476455134302,31,0.7913384356732187,0.035532706854585955,31,0.10776800725509543,0.03089732400544578,31,0.2728501779973929,0.12989791766245845,31,0.39937364642073053,0.16337844996947812,31,0.29695097215616906,0.1417701776259796,31,0.1843618834691663,0.11544553121525541,31,ok,all_pairs
scene0709_00,ablation_once,1024,0,31,31,0.8974898438299855,0.030940741449014448,31,0.7907986688986147,0.035200130005773766,31,0.10669117493137081,0.030304999769218143,31,0.279497307273673,0.13111395462205142,31,0.4089767084385428,0.1668432899228314,31,0.2882594314399439,0.1372148692551601,31,0.18250334851684108,0.11770289619778504,31,ok,all_pairs
scene0709_00,centered_full,1536,0,31,31,0.6608732650356908,0.10128374113502947,31,0.2908007821750742,0.16160129034560777,31,0.3700724828606165,0.13696344327536905,31,0.24126964928325234,0.11413828749031063,31,0.3585500319760295,0.15182083424145762,31,0.31936441136273197,0.13088114656007588,31,0.2038378047366296,0.10150624839262018,31,ok,all_pairs
scene0709_00,original,1536,0,31,31,0.974982330876012,0.00831347544922616,31,0.9450133502128178,0.010347424217856222,31,0.02996898066319416,0.00936103423520217,31,0.2501078919636112,0.11868658051328632,31,0.36418263282521185,0.15113334030791967,31,0.3248468648649676,0.14271352466382578,31,0.20800157456148055,0.11281350360330367,31,ok,all_pairs
scene0709_00,pca,128,0,31,31,0.6933270510165922,0.10343206407672191,31,0.30475348035771965,0.17161810617963258,31,0.38857357065887255,0.14894920391784325,31,0.22477118488865944,0.10920337135518891,31,0.3330876586597431,0.1493473658311189,31,0.3424066650425938,0.13233270255130905,31,0.22257411071369726,0.1110093584765506,31,ok,all_pairs
scene0709_00,pca,256,0,31,31,0.6782444503999525,0.10273177808920116,31,0.2975932654624086,0.16782417289231155,31,0.3806511849375439,0.14343055888249145,31,0.23101633748053962,0.11254967793246771,31,0.34455813301532795,0.15218765660601463,31,0.33214248110314554,0.13269191163783028,31,0.21235252580335062,0.10364057125058691,31,ok,all_pairs
scene0709_00,pca,384,0,31,31,0.6715190035681571,0.1021502906838214,31,0.29444584324207734,0.16567662049659757,31,0.3770731603260798,0.14120679660102825,31,0.23499840955362078,0.11485261567877554,31,0.34978832821759737,0.15263103847244677,31,0.3274709790960182,0.1347390571380916,31,0.2093425162376896,0.10521312120483216,31,ok,all_pairs
scene0709_00,pca,512,0,31,31,0.6677925836655402,0.10182329355849871,31,0.2929717437545826,0.1643136131991672,31,0.3748208399109575,0.13978610754403145,31,0.2361985603711862,0.11358606888087196,31,0.3523120899540995,0.15123245070273308,31,0.3253552518675359,0.13462668388522264,31,0.2093425846147922,0.10450058652907662,31,ok,all_pairs
scene0709_00,pca,768,0,31,31,0.6640079156044991,0.10150735287607214,31,0.2917358650767614,0.16289854977673857,31,0.3722720505277376,0.13826921262759584,31,0.23733205830585286,0.11511067055620945,31,0.3542529935999989,0.15232696389377015,31,0.320888606052423,0.1309720509819132,31,0.2067171903627534,0.1035888203887296,31,ok,all_pairs
scene0709_00,pca,1024,0,31,31,0.6621941251139487,0.10136271946176337,31,0.2911802541867625,0.1621817191245716,31,0.3710138709271862,0.13752531187263836,31,0.24069115072088282,0.11455725707005779,31,0.35797153341366,0.15228001672585273,31,0.3196502637815239,0.13138456354301,31,0.20505119764035748,0.10259850081660848,31,ok,all_pairs
scene0709_00,random,128,42,31,31,0.8965159846890357,0.04129101270304174,31,0.7773618536162417,0.05102007833187218,31,0.11915413107279413,0.03572381697429432,31,0.23190336681102497,0.11253018934990612,31,0.3428662180708788,0.15052284873265231,31,0.3349340760069752,0.13431225132405328,31,0.21646905882704642,0.10939346946688934,31,ok,all_pairs
scene0709_00,random,128,43,31,31,0.9010329554157872,0.02433910904978623,31,0.803141385945215,0.030502432454398636,31,0.09789156947057204,0.03168432094111181,31,0.21556292232374177,0.10527536545767653,31,0.317152543643798,0.1486042340055983,31,0.3808816678754982,0.21006795255208277,31,0.2748509616621079,0.2074336651058329,31,ok,all_pairs
scene0709_00,random,128,44,31,31,0.9084529030707574,0.03114937875323121,31,0.7682629838346265,0.05727667032158226,31,0.14018991923613092,0.05290563857759589,31,0.1779161868148027,0.0961587011385008,31,0.26832071512576294,0.1273509729238872,31,0.41033771363730515,0.18500646093419132,31,0.28132203413594153,0.1558716818397952,31,ok,all_pairs
scene0709_00,random,128,45,31,31,0.9085912358376288,0.02577638675569974,31,0.8062559879383161,0.02931307590275103,31,0.10233524789931274,0.0308657341913522,31,0.20996785524545258,0.10141259125868561,31,0.3038815074738126,0.13803045684010246,31,0.3652089268448558,0.15394175385920408,31,0.24819315609432036,0.1325701342545037,31,ok,all_pairs
scene0709_00,random,128,46,31,31,0.8751568371249784,0.038787431110487026,31,0.7615216673987533,0.03852248584121871,31,0.11363516972622494,0.034296988405161426,31,0.22371698106082344,0.1180842474776021,31,0.3303164790106465,0.15571519630451935,31,0.3586060344886786,0.14765050188273296,31,0.23183506330655468,0.1215866432516818,31,ok,all_pairs
scene0709_00,random,256,42,31,31,0.8941591247435539,0.04469740712546626,31,0.7736508739934188,0.05028081701271552,31,0.12050825075013495,0.03739871958087914,31,0.2538364561485557,0.11417712570020441,31,0.3697483539755396,0.14927589132991895,31,0.3193818204833122,0.13873895725035312,31,0.19976364304461786,0.11488949303869354,31,ok,all_pairs
scene0709_00,random,256,43,31,31,0.9152810323622919,0.03378675698067917,31,0.8166317918942824,0.04225893464935566,31,0.0986492404680094,0.03391589329407189,31,0.2160319614684294,0.10181107264231641,31,0.320986180477522,0.13470664569171129,31,0.37236038482927264,0.17275674600186036,31,0.2672280705263538,0.19742221833623788,31,ok,all_pairs
scene0709_00,random,256,44,31,31,0.8964713619601342,0.03599504953897852,31,0.7748867896448295,0.04702353788457015,31,0.12158457231530466,0.040658682429310665,31,0.19958721163247312,0.0987189367714763,31,0.3009325618617541,0.13739515331548882,31,0.3815196977790912,0.15672172634080087,31,0.2541400761373581,0.12546911330159832,31,ok,all_pairs
scene0709_00,random,256,45,31,31,0.9009149036099834,0.029921000338362935,31,0.7806664436545435,0.04367067557339534,31,0.12024845995543998,0.03791488237626664,31,0.21890282880361245,0.10794173966761889,31,0.3187139362924939,0.14263676291520652,31,0.3679660110185322,0.1593654603948994,31,0.23998450776261668,0.12047254500827789,31,ok,all_pairs
scene0709_00,random,256,46,31,31,0.8879198624241736,0.03866730748515643,31,0.7654331966503253,0.039947077490160486,31,0.12248666577384829,0.03586143101974385,31,0.24598120292154851,0.1086653568655311,31,0.358441865619185,0.14457057905762974,31,0.3315026947656235,0.14445135366830852,31,0.2130590134089993,0.1241633401686823,31,ok,all_pairs
scene0709_00,random,384,42,31,31,0.8996316136852387,0.03906562745464086,31,0.7941647187146249,0.041857717976721734,31,0.105466894970614,0.03206677648680603,31,0.25670132823483566,0.11563157892711666,31,0.369598870402758,0.14581455805737034,31,0.31670630280312373,0.13304656638025977,31,0.19732420026294648,0.10347996473033358,31,ok,all_pairs
scene0709_00,random,384,43,31,31,0.9034842906459686,0.039695239696558984,31,0.7865021256938758,0.04957904345707155,31,0.11698216495209268,0.04216417388453151,31,0.22792652900682897,0.10396116250713733,31,0.3382273232053807,0.13371780622545124,31,0.35108222281221474,0.15220165634234903,31,0.24861323400851218,0.18919851665138213,31,ok,all_pairs
scene0709_00,random,384,44,31,31,0.9917171635935383,0.0024890533994601934,31,0.9805475204144124,0.004019043549334826,31,0.011169643179125825,0.0038235609747825547,31,0.20749964369773907,0.11018034925663783,31,0.30902496556483827,0.1471716010392327,31,0.3662770250168728,0.15853483331755241,31,0.2430592537406952,0.13071743189826485,31,ok,all_pairs
scene0709_00,random,384,45,31,31,0.9920881794344995,0.002284437385100062,31,0.9818057617768403,0.003605534858154688,31,0.010282417657659134,0.0033094159253264283,31,0.2259532569458498,0.11035129370184159,31,0.3287917799991587,0.14387905381584729,31,0.3560723446609662,0.13169459712011264,31,0.22631251307264452,0.106305002978912,31,ok,all_pairs
scene0709_00,random,384,46,31,31,0.8822058246981713,0.03867202574587924,31,0.7471753508122515,0.04708796675689098,31,0.13503047388591977,0.042562417740743375,31,0.24969800503552878,0.11396356868060906,31,0.3645924274819623,0.14779410464853684,31,0.32251684173879724,0.14041232958849217,31,0.20492343917008368,0.10511697121681109,31,ok,all_pairs
scene0709_00,random,512,42,31,31,0.8936278012491041,0.04080187388831653,31,0.7859362026721616,0.04372464910819687,31,0.10769159857694248,0.03237312076745581,31,0.2598101761116823,0.12456586574401173,31,0.36742858329744954,0.15451268801573567,31,0.3162821302060029,0.1439439929079894,31,0.2063575539617769,0.11419917587318269,31,ok,all_pairs
scene0709_00,random,512,43,31,31,0.9002133646318989,0.04033340216447014,31,0.7780248703981241,0.0518400406129596,31,0.12218849423377488,0.043406627727485436,31,0.23544793762394295,0.11109452563264886,31,0.3462214161216247,0.14507526519783934,31,0.3409969903328546,0.1545240584372564,31,0.2289058618968533,0.1598084228191206,31,ok,all_pairs
scene0709_00,random,512,44,31,31,0.9901045368563745,0.002925236692887244,31,0.9773844876318034,0.004406467804403499,31,0.012720049224570942,0.0041701096187488134,31,0.2179021377031299,0.10969330541561119,31,0.3259209823499547,0.14868105290626,31,0.34824468662762853,0.1534954573657666,31,0.22754709158212907,0.12782610322385024,31,ok,all_pairs
scene0709_00,random,512,45,31,31,0.9901633551043849,0.003010365419336073,31,0.9781090473951062,0.004177301883661223,31,0.012054307709278598,0.0037785532222208555,31,0.23743755167045594,0.11433153102228608,31,0.3447179336112075,0.14719297645705376,31,0.3452287459443281,0.14054195282530235,31,0.22437176360718666,0.11482804202041523,31,ok,all_pairs
scene0709_00,random,512,46,31,31,0.8747707201588538,0.0448358563761147,31,0.7297352661175446,0.052981303953741295,31,0.1450354540413092,0.045581690575891745,31,0.23377705725714854,0.10461530486985839,31,0.3447274242382344,0.14172986596628107,31,0.3336277194500099,0.13604464100765584,31,0.2143557672539065,0.10683946815531062,31,ok,all_pairs
scene0709_00,random,768,42,31,31,0.8882076817174112,0.03863125532940136,31,0.7713863421824814,0.043717906853743875,31,0.11682133953492976,0.03539012193794204,31,0.2623317363727796,0.11386236719355468,31,0.3818729280676722,0.1479224923900863,31,0.3051414483935611,0.1236775597602677,31,0.19785624802593263,0.11240798627459071,31,ok,all_pairs
scene0709_00,random,768,43,31,31,0.8921753956425574,0.03839094279075915,31,0.755587673895344,0.05368770013179531,31,0.1365877217472136,0.044991880551093225,31,0.22874757678677163,0.10662945424011455,31,0.33928930150385306,0.14488243417147753,31,0.35651210270951866,0.17436226301093394,31,0.24518128051873175,0.15566791130365404,31,ok,all_pairs
scene0709_00,random,768,44,31,31,0.9856666961023884,0.004438320400826681,31,0.9675134704416001,0.006524919169076764,31,0.018153225660788214,0.006299883926234893,31,0.23383381168715647,0.11454324105159354,31,0.33666253438595733,0.14959311164059522,31,0.34533051307898527,0.16080997359818047,31,0.23912761961260148,0.16313817632893893,31,ok,all_pairs
scene0709_00,random,768,45,31,31,0.9860186865252833,0.004509491826564779,31,0.9682802154257639,0.006209782843656907,31,0.017738471099519326,0.005759436696273878,31,0.248097340778298,0.12056852864817602,31,0.3586503726814155,0.15163876682801858,31,0.326691298246669,0.13508656916714798,31,0.2060476469416772,0.10805798265176728,31,ok,all_pairs
scene0709_00,random,768,46,31,31,0.9856425254575668,0.004827599310011446,31,0.9695126983813962,0.005351719466696849,31,0.01612982707617052,0.004864494834415934,31,0.24166803258743852,0.11134451882354415,31,0.3527751449350043,0.14999191169879053,31,0.3318447552072275,0.14324794656737963,31,0.21049505087637133,0.10879092516279655,31,ok,all_pairs
scene0709_00,random,1024,42,31,31,0.8919046367368391,0.03700050662842283,31,0.7705623073961675,0.044674386671406496,31,0.12134232934067156,0.03748109659378734,31,0.26178576402367953,0.12242946361158565,31,0.38015249329355094,0.15244875019754434,31,0.3079982170009945,0.1305918785055199,31,0.19488051713955018,0.10811168280722779,31,ok,all_pairs
scene0709_00,random,1024,43,31,31,0.8875567086281315,0.038269465644493475,31,0.7482705114423508,0.05388484010029271,31,0.13928619718578072,0.04568183457878797,31,0.23841982451324925,0.10848275971807049,31,0.34702252827486335,0.14420360853239478,31,0.33733872373589235,0.14886340917395813,31,0.23233699197730712,0.1481930965718516,31,ok,all_pairs
scene0709_00,random,1024,44,31,31,0.9823430988096422,0.005419431740383905,31,0.9611949106404958,0.007294214188449869,31,0.021148188169146584,0.006959862788411938,31,0.24035908532941141,0.11284589502157703,31,0.3521104004376117,0.14641270802680884,31,0.32984309892394176,0.1378249740340945,31,0.22149018630866082,0.1277160584726029,31,ok,all_pairs
scene0709_00,random,1024,45,31,31,0.9820167729931493,0.005876572619999297,31,0.9597213376334051,0.007569560323593326,31,0.022295435359744244,0.006886716209148423,31,0.24359479671524747,0.1167020069311104,31,0.35945938231956304,0.14761004408372289,31,0.3261855007558991,0.1376335525831751,31,0.20527324585183973,0.10813756559971352,31,ok,all_pairs
scene0709_00,random,1024,46,31,31,0.9817502556308624,0.006163088814537735,31,0.960814061302494,0.0071302804935888,31,0.02093619432836829,0.006415097655585698,31,0.24130167894811788,0.10993519450141549,31,0.35747095577677823,0.1470375414491272,31,0.3283392053833433,0.1405794273229657,31,0.21679229277276224,0.11898172478910048,31,ok,all_pairs
scene0710_00,ablation_iterative,128,0,31,31,0.8136383968014871,0.0435351051650386,31,0.6645446577312928,0.04290048632239509,30,0.15194890909966008,0.05007970656053088,30,0.17060377461565435,0.1220644232517095,31,0.32653253665519266,0.1943493201584771,31,0.34565210757409176,0.1510697657272746,31,0.2695092484354973,0.17479358820291194,31,ok,all_pairs
scene0710_00,ablation_iterative,256,0,31,31,0.8777463993718547,0.03142314120325691,31,0.7842627187864873,0.031027450810506164,30,0.0957816918396062,0.035590545020745754,30,0.19971004894522362,0.1311280508836968,31,0.3452881351068018,0.2002695596901888,31,0.33928404177480237,0.17394573345923706,31,0.2704186165525067,0.20641558052948553,31,ok,all_pairs
scene0710_00,ablation_iterative,384,0,31,31,0.8707918832379002,0.03358563866132943,31,0.7509565884226198,0.04097748810660132,30,0.12282568669779732,0.04308775860507098,30,0.2096151122411022,0.13213026463545424,31,0.36205578664938387,0.19867841880903286,31,0.33140724643693537,0.17155810800305277,31,0.2612589579676428,0.20214591960690512,31,ok,all_pairs
scene0710_00,ablation_iterative,512,0,31,31,0.8831093407446339,0.03019261501567836,31,0.7788847088451919,0.03659611830909217,30,0.1068546871706111,0.03624515159167948,30,0.20693726611699428,0.131445042037893,31,0.3577427718504501,0.19442383895573687,31,0.3304887055241744,0.16253274222367953,31,0.2539383312386851,0.19609227134974153,31,ok,all_pairs
scene0710_00,ablation_iterative,768,0,31,31,0.883634953729568,0.031557995565079176,31,0.777968827486884,0.03751536024565913,30,0.10832654873445484,0.03708092220125128,30,0.19924164533530075,0.1288575883332974,31,0.3502080596705905,0.19759722336256413,31,0.33670708905472896,0.1735003313011085,31,0.26397594364900745,0.19703747834891303,31,ok,all_pairs
scene0710_00,ablation_iterative,1024,0,31,31,0.8766007692583145,0.035000160451584224,31,0.7735953198803553,0.03697128068054878,30,0.10609684318968766,0.0364139626649003,30,0.1821183137721848,0.1239336090205279,31,0.3241106344449165,0.189754165864113,31,0.34835838854090756,0.1700850724368552,31,0.2811725723647302,0.20013970870060205,31,ok,all_pairs
scene0710_00,ablation_once,128,0,31,31,0.8812223230638812,0.046606216194774744,31,0.7750579243772584,0.03999041457540237,30,0.10900391480591326,0.039667894566872024,30,0.121770784983043,0.08626351819127666,31,0.24170055855760303,0.1621574576842735,31,0.41277439793524806,0.1867248544184301,31,0.35721243629532473,0.2230881356853698,31,ok,all_pairs
scene0710_00,ablation_once,256,0,31,31,0.877437993403404,0.0415648144644615,31,0.7762922382062164,0.036301576930650455,30,0.10450563473448299,0.03645023178997981,30,0.14037357064240194,0.09977463667297105,31,0.2664498709856273,0.18144998643107518,31,0.38428890435790203,0.1715302788739756,31,0.32291854990105473,0.20201400502824404,31,ok,all_pairs
scene0710_00,ablation_once,384,0,31,31,0.8753723771341385,0.040680428900188303,31,0.7753221394960479,0.03609396615005966,30,0.10350797351753749,0.0351153679257259,30,0.16235950819636205,0.11013431469345754,31,0.2938453885830759,0.18389207907016644,31,0.36602375648816443,0.1604879740847266,31,0.2994932159781456,0.19438782811825614,31,ok,all_pairs
scene0710_00,ablation_once,512,0,31,31,0.8787766406613011,0.03695738103852777,31,0.7817773513648281,0.03654353806115653,30,0.1002219684269658,0.03495808604567481,30,0.1720213922609966,0.11285541627070922,31,0.3040069141610377,0.18450055558492984,31,0.364483121531588,0.170624696857689,31,0.2953306662459527,0.20264646985821222,31,ok,all_pairs
scene0710_00,ablation_once,768,0,31,31,0.8760446944544392,0.03564513910690851,31,0.7699874604137117,0.03734881911625537,30,0.10934175010607884,0.03760923353423573,30,0.17245307641994617,0.11983409267670914,31,0.30311040148362933,0.18362097923780632,31,0.36074302261955327,0.17097809606043154,31,0.29274989135803714,0.19935323533321628,31,ok,all_pairs
scene0710_00,ablation_once,1024,0,31,31,0.8766007692583145,0.035000160451584224,31,0.7735953198803553,0.03697128068054878,30,0.10609684318968766,0.0364139626649003,30,0.1821183137721848,0.1239336090205279,31,0.3241106344449165,0.189754165864113,31,0.34835838854090756,0.1700850724368552,31,0.2811725723647302,0.20013970870060205,31,ok,all_pairs
scene0710_00,centered_full,1536,0,31,31,0.5941887622879397,0.10251383015637665,31,0.2050825948041384,0.13718256620049712,30,0.3955511863508122,0.1376350548000062,30,0.16691795101352816,0.11350405634666726,31,0.2984590414276663,0.17637852262506873,31,0.37055645568967205,0.19208628975574024,31,0.31657201844838356,0.23822625386644417,31,ok,all_pairs
scene0710_00,original,1536,0,31,31,0.9692738652229309,0.009327817817123852,31,0.938191657872244,0.012987218815865833,30,0.032082999138788,0.012162802922845346,30,0.15749877128161677,0.10904547536761557,31,0.28267738586185265,0.17358393842810696,31,0.36547247658114734,0.16564846188342125,31,0.2897214468929075,0.1934092585272833,31,ok,all_pairs
scene0710_00,pca,128,0,31,31,0.6242177236464715,0.10760468429135354,31,0.2101516116614491,0.1493568298615681,30,0.4205787133221477,0.14719052711994757,30,0.15301336494013504,0.10857714630687551,31,0.2746643952432246,0.1644547204817425,31,0.38608232291785766,0.18810497824518582,31,0.3236335023276268,0.22520227954069189,31,ok,all_pairs
scene0710_00,pca,256,0,31,31,0.6096619771372888,0.10535313747063832,31,0.20696217521787913,0.14405947684093034,30,0.4091963856939352,0.14275992243074603,30,0.16060298261226957,0.11256705854252128,31,0.28808953959622796,0.1723639782689828,31,0.37697573205789864,0.19002131708667647,31,0.3122320220835747,0.22572232795374472,31,ok,all_pairs
scene0710_00,pca,384,0,31,31,0.6037265139241372,0.10433220538505923,31,0.20567242159328825,0.14177236292795017,30,0.40452302640793747,0.14091245424031046,30,0.16107416471877115,0.11372621951740734,31,0.2911527089062035,0.17309965115138642,31,0.37450248812671566,0.1892601295396417,31,0.310255334261925,0.22601957090843303,31,ok,all_pairs
scene0710_00,pca,512,0,31,31,0.6003533034555374,0.1037694217609868,31,0.20508215495534007,0.14032251109226482,30,0.40172450772337853,0.1398947808776545,30,0.1627251813218131,0.11283295759573413,31,0.29329398588964956,0.1746164857778995,31,0.3737177509328657,0.1916296441122065,31,0.3147568765186494,0.2331706618682706,31,ok,all_pairs
scene0710_00,pca,768,0,31,31,0.5969175532940896,0.10305694575341867,31,0.20489733728724924,0.13867059313278027,30,0.3984710185432613,0.13866897284190777,30,0.16492115814048783,0.1135334090510404,31,0.29599424439974803,0.17600344241143365,31,0.37149659827055853,0.19193467107131684,31,0.31809239738410516,0.2383513634652586,31,ok,all_pairs
scene0710_00,pca,1024,0,31,31,0.5953296749822555,0.10274745126005107,31,0.20498496795837914,0.13782269656628982,30,0.39679334456578064,0.13806257261309035,30,0.16533648577246293,0.11356252541421989,31,0.2965462951801429,0.17642528210808525,31,0.3717041599565474,0.19221060324320552,31,0.31786655346232073,0.23853913447291036,31,ok,all_pairs
scene0710_00,random,128,42,31,31,0.8752450173900973,0.04040248202737602,31,0.749931017880472,0.045995799638310665,30,0.12817827828245126,0.04615533783943188,30,0.1440240635988176,0.09275565772029795,31,0.26659007102811777,0.15907691058881548,31,0.3801874274865586,0.1664054864967335,31,0.3208454155152844,0.20618800249441757,31,ok,all_pairs
scene0710_00,random,128,43,31,31,0.8897143794644263,0.03339957599450384,31,0.8062041574828779,0.038294713523241826,30,0.08766170599927951,0.03244223021772874,30,0.15044325994168875,0.10476681161556836,31,0.2565365999438542,0.15577258835171023,31,0.38787977358517806,0.1586468537416286,31,0.32262361506300585,0.18887894205005787,31,ok,all_pairs
scene0710_00,random,128,44,31,31,0.890029703417132,0.03387568396370096,31,0.7162289474669448,0.09120371591393055,30,0.1765498623983711,0.08726961739146703,30,0.12313417860275129,0.07699852054228963,31,0.2359307686122877,0.1397914055600015,31,0.3815460082574534,0.1510618195140421,31,0.32856911228549096,0.17027927913963847,31,ok,all_pairs
scene0710_00,random,128,45,31,31,0.889270584429464,0.030479246710553586,31,0.76120131979738,0.049529109652748246,30,0.131046001410938,0.05051040377207225,30,0.12242784591677248,0.08200130172580422,31,0.2311668258232633,0.14292117695670326,31,0.4035979867981515,0.1567228314795886,31,0.3553773578136198,0.18042521198681405,31,ok,all_pairs
scene0710_00,random,128,46,31,31,0.8497563158312151,0.03969870683538024,31,0.7411086442967059,0.037118180843674096,30,0.11133975755176943,0.03621545709025996,30,0.14401163781699228,0.09283826600502534,31,0.2670739017655793,0.14477071966432956,31,0.37699024774578094,0.1578797029329502,31,0.3134274170283348,0.17914247370864989,31,ok,all_pairs
scene0710_00,random,256,42,31,31,0.8659160079494599,0.04594743853466544,31,0.7338762562312263,0.04311936977975005,30,0.13543127170825253,0.047152197173024636,30,0.16125369288356686,0.12326631199929124,31,0.27915913260482084,0.18617739543863288,31,0.37391183978448184,0.1882164422549846,31,0.31230724819244876,0.22975958235598196,31,ok,all_pairs
scene0710_00,random,256,43,31,31,0.8974940680688427,0.03174053992965799,31,0.7958735021907918,0.03765698926694407,30,0.10488304963123478,0.03636364523292083,30,0.1442431082564918,0.09814831984302069,31,0.2491814614890612,0.15732805122888133,31,0.3821888709221452,0.16414714710216405,31,0.3191396639712395,0.1861030538013551,31,ok,all_pairs
scene0710_00,random,256,44,31,31,0.8772653187474897,0.035308960921002934,31,0.7353225319113597,0.06915655893076565,30,0.14470848952469564,0.06574803509146887,30,0.14109214554666377,0.09653964030415899,31,0.25759276872693815,0.14835884085251846,31,0.3774634884255522,0.16179951316607952,31,0.31341409899534717,0.17992043572875718,31,ok,all_pairs
scene0710_00,random,256,45,31,31,0.8653373910534766,0.04383870118470716,31,0.7254865753296103,0.05528925440050426,30,0.1448086194551899,0.054477010349315874,30,0.12365398996082835,0.09151974854735417,31,0.23519882633633973,0.16006231649533953,31,0.39843296678795176,0.16969217576019685,31,0.3379282763888759,0.1958596431041512,31,ok,all_pairs
scene0710_00,random,256,46,31,31,0.8622453847239094,0.04174883450274387,31,0.7346514564443961,0.044398618600809764,30,0.1325559614410662,0.044602976868501384,30,0.15733422008312542,0.10331092334647642,31,0.27752852842335407,0.17418878854487407,31,0.38481148655449615,0.19917202443072574,31,0.3125084537652231,0.22232857078726845,31,ok,all_pairs
scene0710_00,random,384,42,31,31,0.876016289957108,0.03942404906758704,31,0.7639100650141264,0.038594617508315755,30,0.11537713416520515,0.04018446015477003,30,0.16496771677362182,0.12909085869006304,31,0.28663550985834163,0.18687479944977622,31,0.37144396413737346,0.18785965609997496,31,0.3050935434237603,0.2186654905567102,31,ok,all_pairs
scene0710_00,random,384,43,31,31,0.8777795068679317,0.041900826930458816,31,0.7549112277734469,0.04495840435009203,30,0.12788535381275504,0.04479056865034108,30,0.13909734085864342,0.09558163942222415,31,0.25736640633652413,0.1550939587082301,31,0.3879043459611579,0.17094773087015794,31,0.3283450488121279,0.19883880980406315,31,ok,all_pairs
scene0710_00,random,384,44,31,31,0.9891837469993099,0.0035693354914265933,31,0.9758128650740922,0.006520091769202114,30,0.013823192541187882,0.006056142169091168,30,0.14187501336479444,0.10407666076268134,31,0.2512750739013726,0.1606564281887201,31,0.3793917041923809,0.15036607053953996,31,0.30399609405186867,0.17605284426026005,31,ok,all_pairs
scene0710_00,random,384,45,31,31,0.9893594499557249,0.0038687902617754134,31,0.9775498210539296,0.00604430443336105,30,0.012328771834584584,0.005552316034177515,30,0.13092447932851956,0.0942027125364131,31,0.24516122916858749,0.16667466888559676,31,0.39525709224428857,0.16110542364456967,31,0.33417700158972896,0.185256646493707,31,ok,all_pairs
scene0710_00,random,384,46,31,31,0.8588041778533689,0.040725661405137704,31,0.7180142475283842,0.05719265957759844,30,0.14492238629691812,0.055995150405891925,30,0.1621125077839882,0.10308403660860846,31,0.2969878790254501,0.16935242404318718,31,0.3565468109640615,0.16706064427667933,31,0.2885844906972301,0.19904641979352442,31,ok,all_pairs
scene0710_00,random,512,42,31,31,0.8692380247577545,0.042660552210686764,31,0.7589771393280248,0.03805661931570216,30,0.11422927545100243,0.039087797463182444,30,0.16295757237513506,0.11883031423190332,31,0.2909198528522484,0.18260684429876584,31,0.3613412959355656,0.17611963005471568,31,0.3007356387472922,0.21119989022807287,31,ok,all_pairs
scene0710_00,random,512,43,31,31,0.8749468461159737,0.04232661896233511,31,0.7485444994554792,0.0465495885107533,30,0.1311458476597197,0.04604898045866975,30,0.14663909150906862,0.10134975002788528,31,0.2655065923447863,0.15967925923979778,31,0.3732458941304308,0.1636421256780955,31,0.3097132973132595,0.19452246017403355,31,ok,all_pairs
scene0710_00,random,512,44,31,31,0.9872676384064459,0.004061186497895097,31,0.9725870000745452,0.006873131014291892,30,0.015198422727426282,0.006382725920642381,30,0.1444661894190155,0.09923200865219112,31,0.26723219798882875,0.16639671380273666,31,0.3705730119931441,0.14990233367776803,31,0.29754738629825656,0.18314385143100698,31,ok,all_pairs
scene0710_00,random,512,45,31,31,0.9871840919217756,0.004383600099794179,31,0.9737712293285588,0.006678106188199196,30,0.013970970171843067,0.00610511803170675,30,0.14621927382123565,0.11071071709305635,31,0.26269483820170386,0.17176632524329907,31,0.38036350690377674,0.1576110345582841,31,0.31330090641014036,0.18771979236637998,31,ok,all_pairs
scene0710_00,random,512,46,31,31,0.8527128465713993,0.044612312088218496,31,0.7074791663438771,0.052815923721531606,30,0.14958225552730786,0.05445923815080956,30,0.15814632788222946,0.10264469817651127,31,0.2857658885476377,0.16793173002872597,31,0.3592656821514931,0.1590307435671921,31,0.2835233867649109,0.191226753659885,31,ok,all_pairs
scene0710_00,random,768,42,31,31,0.8653084578052643,0.03972075582649918,31,0.7466880262750046,0.04478403173096482,30,0.12189884773317414,0.04534417898594609,30,0.17694253485013503,0.1269103940721382,31,0.3103879451653816,0.1866568959685742,31,0.3528139877046787,0.1744710125707555,31,0.28290190067022075,0.20898111061199795,31,ok,all_pairs
scene0710_00,random,768,43,31,31,0.8684557099496165,0.0406737039413271,31,0.7317446363819188,0.05089579434084679,30,0.14085831117108008,0.04973129601480148,30,0.1502351723671904,0.10231992316734599,31,0.27036947667560446,0.15861658720896915,31,0.3598045261640382,0.14647306210244967,31,0.29315576125537196,0.18429763414609338,31,ok,all_pairs
scene0710_00,random,768,44,31,31,0.9811948499371929,0.006180672386452642,31,0.9606035986343716,0.009050904979433408,30,0.021348118901283023,0.008461337511398864,30,0.14162124118206526,0.09923588241416409,31,0.258329274513411,0.16699516088792282,31,0.38286619235005415,0.1540033945754127,31,0.3082932462134669,0.18520567029831464,31,ok,all_pairs
scene0710_00,random,768,45,31,31,0.9818770597057958,0.006231677943375451,31,0.9625057602131096,0.008812306948575536,30,0.02015147763453654,0.008057667126366354,30,0.15195858973628154,0.10620904485420474,31,0.28044275552065384,0.1725969389167429,31,0.375397744998936,0.1686635717621794,31,0.3090251290029095,0.19480428441165673,31,ok,all_pairs
scene0710_00,random,768,46,31,31,0.9829074990364813,0.0050985102134900855,31,0.9664550038176888,0.00722660994029503,30,0.016986132463006783,0.006625794646505782,30,0.1618037278307913,0.10310500499911766,31,0.2823447586897692,0.16772908324683006,31,0.3677329232013189,0.16434349208644847,31,0.2916985113293894,0.19399921908871,31,ok,all_pairs
scene0710_00,random,1024,42,31,31,0.8660612510096642,0.03967393536014837,31,0.7408845214164818,0.04653395693691103,30,0.12896123249167563,0.04685037816986949,30,0.17409726252317664,0.11739866365817501,31,0.30763923049938685,0.18226549476373738,31,0.3523021681631388,0.17300985708372493,31,0.28572861465715593,0.20457334867108493,31,ok,all_pairs
scene0710_00,random,1024,43,31,31,0.8589005470275879,0.04412772933620178,31,0.7150271725504068,0.05468093973613614,30,0.1486350504707827,0.05432616680119254,30,0.1544911787781756,0.10917031166208631,31,0.27081797546865477,0.15943942770468353,31,0.37215206858253325,0.16496899592340283,31,0.3032525518248158,0.19901049512391317,31,ok,all_pairs
scene0710_00,random,1024,44,31,31,0.9774545296545951,0.007162843481224557,31,0.9541720495980959,0.010098531968344017,30,0.024142546816470288,0.00933860580793364,30,0.15256985717492616,0.10312811463593362,31,0.2707187022115974,0.16844397944740896,31,0.3687085280108221,0.15225631548660992,31,0.2983050533840733,0.184329282216048,31,ok,all_pairs
scene0710_00,random,1024,45,31,31,0.9774484807445157,0.007346369974975173,31,0.9543010735926377,0.00994062158974791,30,0.02402338937746017,0.009205983744150532,30,0.15923756970641476,0.11572589257092308,31,0.2846478317020359,0.17890289010075003,31,0.37121000514386154,0.17235924351036713,31,0.30373162079241967,0.2065576223544747,31,ok,all_pairs
scene0710_00,random,1024,46,31,31,0.977981815415044,0.006676565513198549,31,0.9562187731214987,0.009517665941573663,30,0.02247822086526686,0.008801967811390159,30,0.15972424459914952,0.10815370662827428,31,0.28033856098527105,0.17374938761435785,31,0.3644905182574273,0.16579011886764755,31,0.29423384055975943,0.19569300147850344,31,ok,all_pairs
scene0711_00,ablation_iterative,128,0,31,20,0.7788158625364303,0.04878662703021467,20,0.6604766050532718,0.0751779375348174,20,0.1183392574831585,0.06865116092572571,20,0.10521078292506816,0.08885077461646927,20,0.19447210184215077,0.14963462576159964,20,0.46199784298044033,0.18558155638096854,20,0.4172073654830456,0.233607014850636,20,ok,all_pairs
scene0711_00,ablation_iterative,256,0,31,20,0.8193870276212692,0.04074802867428321,20,0.7042517575844106,0.09159396113030488,20,0.11513527003685864,0.07802603855603757,20,0.0959847072742378,0.08552882352223931,20,0.18577227249250844,0.1530648322193608,20,0.4576051264664378,0.14168070574819136,20,0.3892417024821043,0.1932664605396842,20,ok,all_pairs
scene0711_00,ablation_iterative,384,0,31,20,0.8165463626384735,0.042590340890131834,20,0.7093764554413502,0.08423761296670626,20,0.10716990719712341,0.07038869895345258,20,0.1032719516685344,0.08471300924033755,20,0.1920413412696779,0.14990926639464508,20,0.4607071721138449,0.15575617407445314,20,0.382614753395319,0.20389729981835608,20,ok,all_pairs
scene0711_00,ablation_iterative,512,0,31,20,0.8381420195102691,0.03917963267210017,20,0.7279442033182477,0.08534512197587725,20,0.1101978161920216,0.07959800580749236,20,0.09467642239664803,0.08363339341850969,20,0.1840853673812829,0.15743969305915426,20,0.46241434979671,0.1623901401638947,20,0.4014225285500288,0.21632295590203351,20,ok,all_pairs
scene0711_00,ablation_iterative,768,0,31,20,0.8692237287759781,0.03379974100986812,20,0.7889661205490479,0.06387935459529083,20,0.08025760822693022,0.05716588226504536,20,0.09276140077011875,0.07812929640411528,20,0.18504888382846155,0.15273964114708127,20,0.47170649601452086,0.17016519118695003,20,0.41114684864878653,0.23187907283663634,20,ok,all_pairs
scene0711_00,ablation_iterative,1024,0,31,20,0.8744502007961273,0.03871039497996989,20,0.8051533125824344,0.06373283109578641,20,0.06929688821369298,0.05001055939795804,20,0.08846523652892,0.07549361776077819,20,0.16839538867962703,0.14067208027666245,20,0.48674670169613643,0.18301682261600985,20,0.4273876711726189,0.2341095624055162,20,ok,all_pairs
scene0711_00,ablation_once,128,0,31,20,0.8931568056344986,0.03982101450544448,20,0.8140244883929839,0.07726319248994323,20,0.07913231724151483,0.06641300324435769,20,0.07518703083542076,0.061454067130455065,20,0.1436497933668608,0.11262341396921548,20,0.48895554226161025,0.15427132361580026,20,0.4410558044910431,0.20368265339749078,20,ok,all_pairs
scene0711_00,ablation_once,256,0,31,20,0.881101056933403,0.040835453043903916,20,0.7999573693032005,0.07901566104171555,20,0.08114368763020256,0.06501268755875618,20,0.07428503612164956,0.06854011922773198,20,0.15011038702341234,0.12456862412221135,20,0.48656647654133434,0.1597097251248528,20,0.44904588609933854,0.23596698992839457,20,ok,all_pairs
scene0711_00,ablation_once,384,0,31,20,0.872765502333641,0.04159051607180585,20,0.7940669191131688,0.07581151900043497,20,0.07869858322047214,0.06055558255599903,20,0.07987317817218736,0.074252907005012,20,0.16012130441356193,0.13316526543478394,20,0.4829468854358562,0.17392219895725342,20,0.42361368238925934,0.225386566639425,20,ok,all_pairs
scene0711_00,ablation_once,512,0,31,20,0.8731424182653427,0.0392205957200633,20,0.7957235033354607,0.07141084511774866,20,0.0774189149298821,0.05745407090488723,20,0.08424261518341142,0.07752271308018198,20,0.1634951261529828,0.13471000455745794,20,0.48513110206906873,0.18201196875091183,20,0.43620380386710167,0.23374461872168112,20,ok,all_pairs
scene0711_00,ablation_once,768,0,31,20,0.8735664665699006,0.03844653625486613,20,0.8011693270566088,0.0670492703501147,20,0.07239713951329163,0.05322658616925084,20,0.09411322928828442,0.07953779459245713,20,0.17471748887048805,0.13898432727927373,20,0.47927974062609613,0.18723490665816878,20,0.4164071351289749,0.22600662240250843,20,ok,all_pairs
scene0711_00,ablation_once,1024,0,31,20,0.8744502007961273,0.03871039497996989,20,0.8051533125824344,0.06373283109578641,20,0.06929688821369298,0.05001055939795804,20,0.08846523652892,0.07549361776077819,20,0.16839538867962703,0.14067208027666245,20,0.48674670169613643,0.18301682261600985,20,0.4273876711726189,0.2341095624055162,20,ok,all_pairs
scene0711_00,centered_full,1536,0,31,20,0.559524554014206,0.09870344507544061,20,0.29282448285172863,0.17808138956490938,20,0.2667000711624773,0.18218470793588745,20,0.07951889066402104,0.06443405599833019,20,0.1480752638410676,0.09740844355561842,20,0.5054118529428351,0.13997451385663953,20,0.47654878348112106,0.2077219521192238,20,ok,all_pairs
scene0711_00,original,1536,0,31,20,0.9664055675268173,0.013881009896165222,20,0.9417321681917432,0.02503884803329109,20,0.024673399335074016,0.021549112035482224,20,0.07124665993051613,0.05982067643219085,20,0.13370693794258776,0.10838421994657449,20,0.5215812561647829,0.17392073935581084,20,0.46410051807761193,0.21401362831604112,20,ok,all_pairs
scene0711_00,pca,128,0,31,20,0.5860829263925552,0.10235228120642269,20,0.30463105341442226,0.19410534506919586,20,0.28145187297813296,0.19401446074783565,20,0.07235611320901193,0.059401085907182294,20,0.13397550328855895,0.09245627221781154,20,0.5170609048655432,0.13677586052331,20,0.4907451018691063,0.2031199976211512,20,ok,all_pairs
scene0711_00,pca,256,0,31,20,0.5725592404603959,0.10144068439756916,20,0.2972744673826534,0.1875612070049905,20,0.27528477307774246,0.18897623070758807,20,0.0762578813991826,0.0622034517031915,20,0.14087646753260147,0.0967695933534951,20,0.5121706406466262,0.13726800347733145,20,0.480616145581007,0.20307384350503557,20,ok,all_pairs
scene0711_00,pca,384,0,31,20,0.5667965278029442,0.10093534861648172,20,0.2944299187574019,0.18424015244511316,20,0.2723666090455423,0.1866587948606457,20,0.07745388169910654,0.061833585010001475,20,0.14373359591866927,0.09546016738857346,20,0.5093798039439472,0.13745311967794843,20,0.4778717391192913,0.2023352654918637,20,ok,all_pairs
scene0711_00,pca,512,0,31,20,0.5641994118690491,0.10024239877819681,20,0.29372707246269975,0.18223576335064787,20,0.27047233940634935,0.18531648740477563,20,0.07830402241205213,0.06301736701155279,20,0.14494552524950105,0.09540471560792062,20,0.5076851501539201,0.13640294923820404,20,0.47628381922841073,0.20252974981570315,20,ok,all_pairs
scene0711_00,pca,768,0,31,20,0.5615727782249451,0.09950466832521772,20,0.2930020798994854,0.18007962020875012,20,0.26857069832545966,0.18361673652818983,20,0.07922052697587077,0.06447395896837703,20,0.1461042848461815,0.0964563241062988,20,0.5067497632933248,0.13802773333701504,20,0.47707334831357,0.20421926598004583,20,ok,all_pairs
scene0711_00,pca,1024,0,31,20,0.5603325009346009,0.09906832146203555,20,0.2928302867606128,0.1790015118480367,20,0.2675022141739881,0.1828344093377752,20,0.07915416312499772,0.06430181075955672,20,0.14736423437927268,0.09711997356278189,20,0.5055517084254046,0.1394621415857323,20,0.4757816456258297,0.20566665022128597,20,ok,all_pairs
scene0711_00,random,128,42,31,20,0.8631640762090683,0.055076465687326326,20,0.7553453533589146,0.0986590317415722,20,0.10781872285015356,0.08944281960347208,20,0.06779750320559193,0.055753577793299966,20,0.12855574369634643,0.10386888548374608,20,0.5269320383818129,0.1681841459338776,20,0.4664199948310852,0.21039407351675207,20,ok,all_pairs
scene0711_00,random,128,43,31,20,0.8793401479721069,0.0400337868994579,20,0.8181596915551055,0.05754652711021356,20,0.06118045641700152,0.044457688646194704,20,0.0696376842039473,0.056805642927034626,20,0.13674132832420083,0.11659073387638125,20,0.5305667964522828,0.1891235338951488,20,0.4702886588871479,0.24172832708593442,20,ok,all_pairs
scene0711_00,random,128,44,31,20,0.8637875020503998,0.06408598263778635,20,0.7622618458856868,0.10693771922569634,20,0.10152565616471301,0.09045034987094332,20,0.05173745373613775,0.04496635845289816,20,0.10077372734887886,0.07135209538017413,20,0.5409703522033481,0.16651812041117134,20,0.49438277557492255,0.19935351441853041,20,ok,all_pairs
scene0711_00,random,128,45,31,20,0.8700316280126572,0.04707792995532432,20,0.7647724310985828,0.09534014591482709,20,0.10525919691407437,0.09244839426700997,20,0.05016266056936012,0.044964359326955416,20,0.10243336704954653,0.085442036956735,20,0.5445280466857035,0.14403596063931015,20,0.49565592035651207,0.19552307347819367,20,ok,all_pairs
scene0711_00,random,128,46,31,20,0.8518853843212127,0.048699271963724054,20,0.7848249424816112,0.06841194941329087,20,0.06706044183960168,0.045301013054547486,20,0.06764228375208967,0.05884728921974656,20,0.12819423678602393,0.11781858801461245,20,0.5100991741320755,0.17056171118619612,20,0.4455088868737221,0.17788860856580943,20,ok,all_pairs
scene0711_00,random,256,42,31,20,0.8599478751420975,0.05720486874338594,20,0.7447786844532819,0.10856660863173577,20,0.11516919068881566,0.09505224771455309,20,0.08370820935988915,0.05951383558417783,20,0.1441285441124423,0.11052177932948035,20,0.5025099706000856,0.16567144399855488,20,0.4504834279417992,0.20801918497993735,20,ok,all_pairs
scene0711_00,random,256,43,31,20,0.8823670268058776,0.038142049223606166,20,0.7979751578571108,0.08239244735488228,20,0.08439186894876684,0.07675302148284782,20,0.07266379590720856,0.06426895843208007,20,0.12391095561715096,0.1011289810211507,20,0.5149617945443727,0.16063207142984726,20,0.44586204513907435,0.19264603610445072,20,ok,all_pairs
scene0711_00,random,256,44,31,20,0.8525704979896546,0.0515563651824878,20,0.765604269248777,0.08987337228247468,20,0.08696622874087756,0.07547910472545026,20,0.06497872490556425,0.051082669672792444,20,0.12093095568643741,0.09417173168848547,20,0.5191332983939543,0.1620089855403681,20,0.4713591359555721,0.20204166307770557,20,ok,all_pairs
scene0711_00,random,256,45,31,20,0.8522237062454223,0.05786499307740978,20,0.7355706025201586,0.11403689816126172,20,0.11665310372526368,0.10247513493083217,20,0.050909412818638845,0.04721996526019933,20,0.10703706518823837,0.08282776694988872,20,0.5317060401697165,0.16089834555652727,20,0.47961044162511823,0.20251951658363512,20,ok,all_pairs
scene0711_00,random,256,46,31,20,0.8583821952342987,0.04787560909128404,20,0.758672094770971,0.0908193817047679,20,0.0997101004633278,0.08315367769640798,20,0.08342552228863631,0.07350798027122983,20,0.1527523507918012,0.12037277670900119,20,0.5063252224044064,0.1730026510934521,20,0.44494831562042236,0.21551524477404183,20,ok,all_pairs
scene0711_00,random,384,42,31,20,0.8676835477352143,0.05189202270645406,20,0.7754859411760225,0.08994799479125552,20,0.0921976065591917,0.07429588779827495,20,0.07684310037601778,0.06180377049919086,20,0.14422474960815462,0.12040347156845708,20,0.4939503513970066,0.17060054067749073,20,0.41563528776168823,0.2137137600930378,20,ok,all_pairs
scene0711_00,random,384,43,31,20,0.8664908915758133,0.046562833445168185,20,0.757516937863891,0.10251978196739943,20,0.10897395371192234,0.09690440851794842,20,0.0663073966768668,0.06229242380121344,20,0.12354751589649204,0.10484838201780686,20,0.5160713518092117,0.16916726402005466,20,0.44560775011777876,0.20574328582645665,20,ok,all_pairs
scene0711_00,random,384,44,31,20,0.987688136100769,0.006049140446952903,20,0.9780069888619949,0.011046432069983292,20,0.009681147238774085,0.009666899475929112,20,0.06068064397550157,0.047967071827710143,20,0.1183297064048506,0.0866534596698902,20,0.5305399064532612,0.16529410297857625,20,0.4785232074558735,0.1873353329836182,20,ok,all_pairs
scene0711_00,random,384,45,31,20,0.9886556684970855,0.005517415083399705,20,0.9798723032430654,0.009621384511095734,20,0.008783365254019992,0.008213620807069569,20,0.057341821235018665,0.05241647448882492,20,0.11448601512912664,0.08412119345033335,20,0.5309522123191333,0.1607409428213309,20,0.4807534568011761,0.19840007994862968,20,ok,all_pairs
scene0711_00,random,384,46,31,20,0.8476869106292725,0.04971723362927764,20,0.7484041376590259,0.08917333560944105,20,0.09928277297024651,0.0773062730022794,20,0.07481345003601117,0.06604596822456141,20,0.14196954026789937,0.12516893520555408,20,0.5170932187617104,0.17681872137285284,20,0.4640714555978775,0.23616955695402442,20,ok,all_pairs
scene0711_00,random,512,42,31,20,0.8600416421890259,0.0562050559250915,20,0.7707572243235454,0.09110883649315407,20,0.08928441786548033,0.07117700653885209,20,0.08217292525590805,0.06977591555370254,20,0.1483497327044454,0.12399402926796507,20,0.5004257564237414,0.17271678153839265,20,0.4340746492147446,0.23256041956125137,20,ok,all_pairs
scene0711_00,random,512,43,31,20,0.8627710044384003,0.05078380348108876,20,0.7516561720771266,0.10503569207482345,20,0.11111483236127358,0.0978595700878325,20,0.06624199574449623,0.05849206358964488,20,0.12704685126758575,0.10816684437081028,20,0.5134464327710426,0.1680818153335235,20,0.45142298117280005,0.21166303841261577,20,ok,all_pairs
scene0711_00,random,512,44,31,20,0.9858510911464691,0.006414351080928678,20,0.9751447091796747,0.011759387593089223,20,0.010706381966794442,0.010260642471202893,20,0.06725033300945181,0.05244761189496443,20,0.12531788881059308,0.0868160091777788,20,0.5190561120006775,0.16660226359264857,20,0.4756879799067974,0.19602410703316653,20,ok,all_pairs
scene0711_00,random,512,45,31,20,0.9863826990127563,0.006230360436146599,20,0.9765471766133855,0.010670663124524919,20,0.009835522399371171,0.00892666641688625,20,0.06636982291927238,0.05288212033923446,20,0.1281923438544831,0.09299407486741466,20,0.520108856413562,0.17236586999704565,20,0.470112669467926,0.2143060912211331,20,ok,all_pairs
scene0711_00,random,512,46,31,20,0.8417156606912612,0.04694078213681335,20,0.7320822987328135,0.09331270367294245,20,0.10963336195844772,0.08336571476233001,20,0.07130894318380107,0.06196416191917703,20,0.14053623990367514,0.11678826411200655,20,0.5274579215217126,0.17115740987557465,20,0.4663923494517803,0.21897165383258863,20,ok,all_pairs
scene0711_00,random,768,42,31,20,0.8551199287176132,0.050606449378229085,20,0.7692567716431158,0.08352106741801385,20,0.08586315707449751,0.06531097500278045,20,0.08555096852568064,0.06939849602931772,20,0.15762748871778015,0.12243045413227184,20,0.49594322546511005,0.17302840352669127,20,0.44500335231423377,0.22069859938201172,20,ok,all_pairs
scene0711_00,random,768,43,31,20,0.8560663610696793,0.04915521508704398,20,0.7437255281785022,0.10459577249497551,20,0.11234083289117702,0.09450740548210355,20,0.06044362910602243,0.05354101652877698,20,0.11710938242007458,0.09659097861154645,20,0.524833084284869,0.1715873865207544,20,0.46598645895719526,0.2132087922371219,20,ok,all_pairs
scene0711_00,random,768,44,31,20,0.9790290087461472,0.010709937845311235,20,0.9622193423077581,0.018346607786911568,20,0.016809666438389152,0.01619891851458733,20,0.07305532716371621,0.05744927632046814,20,0.12990097816500923,0.09169361418825994,20,0.5238130481312367,0.1717806771414037,20,0.45675197094678877,0.20598207348087472,20,ok,all_pairs
scene0711_00,random,768,45,31,20,0.9802822232246399,0.00991313010628252,20,0.9648274441314673,0.016561728553409188,20,0.015454779093172505,0.014384511963371423,20,0.07331550358321406,0.062281288049910746,20,0.13431005659535747,0.10666715178323535,20,0.5139783051707676,0.17424593341345004,20,0.45488880574703217,0.20881440695898026,20,ok,all_pairs
scene0711_00,random,768,46,31,20,0.9815531969070435,0.006920197561416611,20,0.9695558960337598,0.01218918942942765,20,0.011997300873283667,0.009881489976185083,20,0.06822499415353263,0.06017979016193478,20,0.12435368776860431,0.10883643397192495,20,0.5310305610379624,0.17747957615943447,20,0.46945480555295943,0.2185637798598403,20,ok,all_pairs
scene0711_00,random,1024,42,31,20,0.859047818183899,0.04633884159729749,20,0.766515744112479,0.08441424385773995,20,0.09253207407141997,0.07112032960507073,20,0.08308099673577177,0.06537961695005237,20,0.14926182947149996,0.12157483399810884,20,0.5093735843219107,0.1810894767125107,20,0.4554512694478035,0.22692447422335033,20,ok,all_pairs
scene0711_00,random,1024,43,31,20,0.8479990392923356,0.05108865907462144,20,0.734298739946049,0.10269878056298301,20,0.11370029934628663,0.09318831679109023,20,0.06773399453783546,0.057207680238840763,20,0.13044209330121975,0.11119355105701165,20,0.5241625091011566,0.17136951908279888,20,0.45944657176733017,0.21699402522021485,20,ok,all_pairs
scene0711_00,random,1024,44,31,20,0.9751663595438004,0.011867703046765033,20,0.956623101510633,0.0198494755245341,20,0.018543258033167264,0.017258052528680613,20,0.07707927040895692,0.0639394692461754,20,0.13321673860108307,0.10030215265457186,20,0.5176535830993259,0.17480716348618783,20,0.45557027235627173,0.209220323270053,20,ok,all_pairs
scene0711_00,random,1024,45,31,20,0.9754554778337479,0.010768187426134548,20,0.9568041612768186,0.018814559077759904,20,0.018651316556929247,0.016425918650071914,20,0.07322851883545493,0.058952487460653985,20,0.1366885462091945,0.10563351716755377,20,0.5188373695003652,0.1763329087781798,20,0.45366370901465414,0.21199584057240956,20,ok,all_pairs
scene0711_00,random,1024,46,31,20,0.9762351393699646,0.009479630263822772,20,0.9599487859489229,0.0165992888225264,20,0.016286353421041906,0.013628556163508294,20,0.0678443532064216,0.05857273915938267,20,0.12773405922268016,0.10677523447324354,20,0.5218278803251157,0.17510745493068902,20,0.4669505409896374,0.21599918251199923,20,ok,all_pairs
scene0707_00,ablation_iterative,128,0,30,30,0.8478959560394287,0.03752101556146671,30,0.653725425090283,0.059378932287939924,30,0.19417053094914577,0.05134794942474028,30,0.34802762375580426,0.12205186996057056,30,0.5148162487575492,0.15304421397591564,30,0.21294089569941996,0.09343865507615948,30,0.1133059699088335,0.053638135930056285,30,ok,within_chunk
scene0707_00,ablation_iterative,256,0,30,30,0.8775652964909871,0.029974030871579817,30,0.7221023785032018,0.04372613137658291,30,0.15546291798778553,0.0395839401205483,30,0.37406432680374824,0.1310360688594273,30,0.5391968709884349,0.15599055469575213,30,0.1905736736041343,0.08676285393369251,30,0.10724745877087116,0.05539578304590366,30,ok,within_chunk
scene0707_00,ablation_iterative,384,0,30,30,0.8871181269486745,0.027940496788558283,30,0.7461256000194487,0.036701439556599415,30,0.14099252692922568,0.033037291897920526,30,0.3778033658164173,0.12698963606948238,30,0.550067525486183,0.15554937208178776,30,0.18679667932070743,0.08918697152272204,30,0.10786594574650128,0.05279710472429546,30,ok,within_chunk
scene0707_00,ablation_iterative,512,0,30,30,0.898842167854309,0.02773512142347876,30,0.7730549786385602,0.0338840794415389,30,0.12578718921574894,0.02982291471071556,30,0.37370290142469537,0.13159654383288868,30,0.5407868078856606,0.15696392262101752,30,0.18813338403704907,0.08936873291309777,30,0.10945392089585464,0.054582021069970524,30,ok,within_chunk
scene0707_00,ablation_iterative,768,0,30,30,0.9032873312632242,0.026144288785198998,30,0.7799956274185985,0.03306055049114983,30,0.12329170384462575,0.02947086938367751,30,0.3711933560709533,0.12850499345851418,30,0.5405051532353103,0.1569605168627701,30,0.19104511258375548,0.08828183941824407,30,0.10989917330443859,0.05139278977301648,30,ok,within_chunk
scene0707_00,ablation_iterative,1024,0,30,30,0.9212711234887441,0.0225007942439833,30,0.8167455762780705,0.02651255466428493,30,0.10452554721067339,0.025872405003104552,30,0.33898540747946043,0.13066153572373818,30,0.5033240862118814,0.16110787970655588,30,0.20612574883859816,0.0909294153657471,30,0.11719153548280398,0.057659672985757617,30,ok,within_chunk
scene0707_00,ablation_once,128,0,30,30,0.9289375642935435,0.024220055308100105,30,0.8481085467183131,0.02433794174312515,30,0.08082901757523056,0.018817125936431638,30,0.26621407331324526,0.10574544490764601,30,0.40198206343411264,0.14076563200524822,30,0.2703415777490571,0.1212448817759379,30,0.1614425436904033,0.08038281527761727,30,ok,within_chunk
scene0707_00,ablation_once,256,0,30,30,0.9212179919083913,0.02669355723113355,30,0.8257080478940161,0.0275510105663999,30,0.09550994401437533,0.0221308200978536,30,0.3005238129069655,0.12051234218375055,30,0.4501623225993024,0.14779574605686227,30,0.24139739229534787,0.10794017311940958,30,0.1429303581515948,0.07465529398696902,30,ok,within_chunk
scene0707_00,ablation_once,384,0,30,30,0.9228986084461213,0.023994614240963448,30,0.8288050766572871,0.025311221534175494,30,0.09409353178883416,0.021460494856429334,30,0.3200670643610481,0.12556477139221028,30,0.4672730261315,0.156259646908795,30,0.22855617279853926,0.10390230671001618,30,0.13520329296588898,0.0716682031716198,30,ok,within_chunk
scene0707_00,ablation_once,512,0,30,30,0.9218814333279928,0.023157210600684874,30,0.8266949826299339,0.02444867321451555,30,0.09518645069805899,0.021945698389531716,30,0.32304814116418323,0.12919055924807946,30,0.4784205161411962,0.15933378217586516,30,0.22105735697752246,0.09818879704741511,30,0.1317186971505483,0.06986716521052282,30,ok,within_chunk
scene0707_00,ablation_once,768,0,30,30,0.9230527440706889,0.022774328352889023,30,0.8277021505473138,0.02533974899423243,30,0.0953505935233751,0.02194515382714802,30,0.3361777303932588,0.13357750740529992,30,0.49304083203209664,0.16042561006392397,30,0.21699733438682742,0.09830034771109343,30,0.1265729982405901,0.07009627156647999,30,ok,within_chunk
scene0707_00,ablation_once,1024,0,30,30,0.9212711234887441,0.0225007942439833,30,0.8167455762780705,0.02651255466428493,30,0.10452554721067339,0.025872405003104552,30,0.33898540747946043,0.13066153572373818,30,0.5033240862118814,0.16110787970655588,30,0.20612574883859816,0.0909294153657471,30,0.11719153548280398,0.057659672985757617,30,ok,within_chunk
scene0707_00,centered_full,1536,0,30,30,0.7041825940211613,0.07620329390820747,30,0.30352945554618016,0.11323310875918248,30,0.40065313847498124,0.12854446877840692,30,0.3221559023476161,0.11796796452584507,30,0.4836944477534093,0.14350455954195096,30,0.21675561701607376,0.08835250625666609,30,0.12642577526470025,0.06111056029397101,30,ok,within_chunk
scene0707_00,original,1536,0,30,30,0.9822730163733164,0.005939113600196342,30,0.9546987624287162,0.007624801729615957,30,0.027574253944600047,0.008029168644441767,30,0.31602751167718174,0.12464819060559083,30,0.4806615470525733,0.1533500343047159,30,0.22314655963252142,0.0953135718511215,30,0.12635027865568796,0.060040917781046386,30,ok,within_chunk
scene0707_00,pca,128,0,30,30,0.7406228244304657,0.07798319283862608,30,0.3229382073410329,0.12056325313903477,30,0.4176846170894328,0.13827094602178086,30,0.30232251280786354,0.11731990363278286,30,0.45956768612441967,0.1439338439135127,30,0.23471921409879098,0.09998208235990451,30,0.1410881134370963,0.07718719868185173,30,ok,within_chunk
scene0707_00,pca,256,0,30,30,0.7235406140486399,0.07714892454640207,30,0.3132203439548197,0.11743184326655501,30,0.41032027009382027,0.13377143654671683,30,0.31479681081983574,0.1189430633665567,30,0.47460262083166593,0.14397961336561865,30,0.22576860601377688,0.09486593304066593,30,0.13287505730986596,0.06961434129627496,30,ok,within_chunk
scene0707_00,pca,384,0,30,30,0.7158531109491985,0.07677374202954965,30,0.30911565578380323,0.1159421952820857,30,0.40673745516539517,0.13178871044136756,30,0.3172888345083561,0.11784524127539878,30,0.4782650013219942,0.1409102491826724,30,0.22264635890126336,0.09250858391944697,30,0.13100193503002325,0.0659853539599818,30,ok,within_chunk
scene0707_00,pca,512,0,30,30,0.7117742300033569,0.07663299973720888,30,0.30705291886301905,0.1150507432867789,30,0.4047213111403379,0.13069295588052637,30,0.3195547273123596,0.11658773349260501,30,0.4804274261221683,0.14055461556880045,30,0.22096100477620334,0.0916455422664773,30,0.13069197783867517,0.06572419068273101,30,ok,within_chunk
scene0707_00,pca,768,0,30,30,0.707576459646225,0.07639339787017779,30,0.3050561627144213,0.11411551737925166,30,0.40252029693180374,0.12954089748062397,30,0.31852642010037713,0.11822299054100752,30,0.48087819488814776,0.14286582712249243,30,0.21818875348299355,0.08767590871148077,30,0.12810834509630997,0.06226299664308711,30,ok,within_chunk
scene0707_00,pca,1024,0,30,30,0.7055949638287227,0.07629750898212588,30,0.3041647584785295,0.11361540914405126,30,0.40143020535019325,0.1289754189225495,30,0.32037603276418214,0.11843783582493526,30,0.4820553744646559,0.14337899026597312,30,0.2173403233795602,0.08822625198523473,30,0.1279554778089126,0.06231445924986964,30,ok,within_chunk
scene0707_00,random,128,42,30,30,0.9246315817038219,0.02946135382013871,30,0.8097927935910832,0.03750865062429399,30,0.11483878811273852,0.03157146635130176,30,0.29870093220373306,0.12122707050165182,30,0.4499341220238804,0.15139324396776438,30,0.2408075055314684,0.0992871217516999,30,0.14486350578566393,0.0758373540088478,30,ok,within_chunk
scene0707_00,random,128,43,30,30,0.9254033704598744,0.020835775561457576,30,0.8310949170724952,0.027193660344393224,30,0.09430845338737935,0.025677788037868743,30,0.286454751388991,0.11831560718994807,30,0.42096620148550545,0.14032658198437462,30,0.2618658956108601,0.10528450618087531,30,0.16001016435523827,0.08580152093149994,30,ok,within_chunk
scene0707_00,random,128,44,30,30,0.9339909354845682,0.024992560474794166,30,0.8219062770098747,0.03131838860529762,30,0.1120846584746936,0.03120373065964988,30,0.2652210485378286,0.11397353240350422,30,0.4110119192398714,0.1404808602142637,30,0.2749013798593672,0.1170802118388886,30,0.167489276950558,0.08211067538206324,30,ok,within_chunk
scene0707_00,random,128,45,30,30,0.931110413869222,0.017773248895724642,30,0.8286654273912258,0.02612640644961401,30,0.10244498647799598,0.03067837317047188,30,0.2572247292455129,0.10631145650855142,30,0.40790051309889697,0.13762455973136728,30,0.26622252942361085,0.1068920846899578,30,0.1628982904056708,0.07337760323607989,30,ok,within_chunk
scene0707_00,random,128,46,30,30,0.8988618652025858,0.037075277010113816,30,0.788671556445712,0.038045708871181735,30,0.11019030875687384,0.02690578920736542,30,0.2745510182723699,0.110529189179061,30,0.4236681558717727,0.13637293083569865,30,0.27937608396163177,0.13014194920563082,30,0.16551442916194598,0.08760622206210485,30,ok,within_chunk
scene0707_00,random,256,42,30,30,0.9227354188760122,0.031065889055615442,30,0.8097927956137756,0.0362764942533205,30,0.11294262326223667,0.029882387596294024,30,0.32397055357124,0.12539359572298514,30,0.48349332090580954,0.1540912443070847,30,0.22360141402422018,0.10057694095095772,30,0.12950100973248482,0.05919014657390437,30,ok,within_chunk
scene0707_00,random,256,43,30,30,0.938126023610433,0.02270003977104237,30,0.8436583978808286,0.02782706585904824,30,0.0944676257296044,0.029559466605967553,30,0.294837803162203,0.11367776519451593,30,0.4412728060088685,0.14041547866779386,30,0.25163661068689186,0.13108061257524456,30,0.15538401678204536,0.10966787465501915,30,ok,within_chunk
scene0707_00,random,256,44,30,30,0.922952667872111,0.02574512904659368,30,0.8112199106005122,0.026016195205348716,30,0.11173275727159891,0.027812510764928022,30,0.28293412539980106,0.11586325418434128,30,0.4275799170425445,0.15078024620754743,30,0.2619987322038264,0.11719094739445318,30,0.15981441897650558,0.08366478738483699,30,ok,within_chunk
scene0707_00,random,256,45,30,30,0.9299734016259511,0.023341413785260657,30,0.8237106687346876,0.026954714475115722,30,0.10626273289126352,0.02900670640690331,30,0.30222645707540124,0.12166921339477346,30,0.4579048063909164,0.14974840212930104,30,0.23302819490607365,0.09660103685016695,30,0.14258092902600766,0.07644568414527725,30,ok,within_chunk
scene0707_00,random,256,46,30,30,0.9152207632859548,0.029255455243496445,30,0.8027435644920454,0.03185458699827856,30,0.11247719879390923,0.03029274194759329,30,0.3087073559825916,0.12117079252474112,30,0.46672901642511316,0.15375279026121236,30,0.2253420404143314,0.09823914306769829,30,0.13474312809606392,0.06777959489987984,30,ok,within_chunk
scene0707_00,random,384,42,30,30,0.9245499610900879,0.027247734798613893,30,0.8219830447365434,0.02941149487486887,30,0.10256691635354462,0.024777563321731217,30,0.3174694196138986,0.12781503310171866,30,0.47795197554659374,0.153876386348025,30,0.22246653737262412,0.10087261332529725,30,0.13022757656872272,0.0687024811779436,30,ok,within_chunk
scene0707_00,random,384,43,30,30,0.9322398384412129,0.027863308189029504,30,0.8314821093949312,0.03160787211171109,30,0.10075772904628176,0.028900409511880786,30,0.31493241573988145,0.11779615766225722,30,0.4657155083351571,0.1484035056977981,30,0.23583395968900617,0.11273100709027223,30,0.14142627865076066,0.08010096258779799,30,ok,within_chunk
scene0707_00,random,384,44,30,30,0.9941707253456116,0.001789188279875866,30,0.9838581560776022,0.003071416417397219,30,0.010312569268009324,0.0032081247508479547,30,0.2988359205813726,0.123793957745446,30,0.4533914651624121,0.1533551340763233,30,0.2461684378473657,0.12262193152330444,30,0.14866510654489198,0.09299927146969854,30,ok,within_chunk
scene0707_00,random,384,45,30,30,0.9944394687811534,0.001762828498989624,30,0.9855427401590446,0.0022345407942300946,30,0.008896728622108522,0.0022982151141113494,30,0.29960722554568,0.12175952412496009,30,0.4524586239514099,0.15687910148410206,30,0.2413471189165105,0.10913490855887853,30,0.1429897906879584,0.07135514453599044,30,ok,within_chunk
scene0707_00,random,384,46,30,30,0.9094900767008464,0.031563410065054295,30,0.7909787470507351,0.03428648563531184,30,0.11851132965011138,0.031120621936845137,30,0.30946167830103993,0.11222075703916358,30,0.47383827359525116,0.14544320070378622,30,0.2218923700965967,0.09338210707824832,30,0.12839377547303835,0.05826463964754699,30,ok,within_chunk
scene0707_00,random,512,42,30,30,0.9207585155963898,0.028245925014144854,30,0.8174971093687161,0.029505088727891753,30,0.1032614062276738,0.024998540162251497,30,0.31512510179745684,0.12478074386893406,30,0.4779168960171253,0.1545337911959925,30,0.22609685737290874,0.10505978518837271,30,0.13187498971819878,0.06946411528191473,30,ok,within_chunk
scene0707_00,random,512,43,30,30,0.9300238390763601,0.028210748719921023,30,0.826711969137048,0.032547371989289677,30,0.10331186993931185,0.02941283518414055,30,0.319988442348,0.12108474725385036,30,0.4752491145086261,0.1503832974979769,30,0.2215950922129175,0.1053931997325441,30,0.13221655264496804,0.06771787259426632,30,ok,within_chunk
scene0707_00,random,512,44,30,30,0.9929201761881511,0.0021336924412623005,30,0.9811353495892029,0.0033080589328472365,30,0.011784826598948077,0.003462702810062855,30,0.30768886600078793,0.13243366363589115,30,0.46475499519886776,0.16151042973768912,30,0.23511742713765676,0.112568304699822,30,0.13845511426528295,0.07689653519818437,30,ok,within_chunk
scene0707_00,random,512,45,30,30,0.9929933845996857,0.002252205979371225,30,0.9824260480958902,0.0026137096109963612,30,0.010567336503795459,0.0025918999351549838,30,0.3055650214593863,0.12508799819816932,30,0.462281361277858,0.16116012441459407,30,0.23119185323716912,0.10635503188631189,30,0.14039645579953988,0.0720435937976709,30,ok,within_chunk
scene0707_00,random,512,46,30,30,0.910188865661621,0.035796898361757944,30,0.7805733824832632,0.04147643475915313,30,0.12961548317835783,0.039752115031250354,30,0.3113212717216779,0.11367949310331346,30,0.47369563850635915,0.13895080823715802,30,0.2253972437592375,0.09589062586511031,30,0.13228353907664617,0.06642886225369678,30,ok,within_chunk
scene0707_00,random,768,42,30,30,0.9155241111914317,0.028824172552022336,30,0.8059519967758944,0.030806412249163948,30,0.10957211441553731,0.025989333176036012,30,0.31810269650486706,0.13217843667372925,30,0.48077501105544856,0.16432684747116985,30,0.22340269345269098,0.10142687300928349,30,0.13136104457080364,0.07489680558612423,30,ok,within_chunk
scene0707_00,random,768,43,30,30,0.9248173554738363,0.03056242376973142,30,0.8074186115087703,0.036901654178695405,30,0.11739874396506599,0.03665732567672534,30,0.3139907089372595,0.11836570901336081,30,0.470784384760284,0.15015715798472,30,0.2267802099720395,0.09629352609261872,30,0.13469533945123355,0.0668574232637375,30,ok,within_chunk
scene0707_00,random,768,44,30,30,0.9899082283178965,0.0032304713222191185,30,0.9736460172671844,0.004360949262486838,30,0.016262211050712076,0.00462374443438337,30,0.3180343156628553,0.13267366719537316,30,0.47592678218949447,0.1618067684900873,30,0.23127095680745324,0.11328291537842103,30,0.13811318042377632,0.07640809566541881,30,ok,within_chunk
scene0707_00,random,768,45,30,30,0.9900221188863119,0.0033441816810748782,30,0.9745985089696277,0.003923416003836548,30,0.015423609916683996,0.003960208598085893,30,0.3192621857856176,0.1291306296868901,30,0.48018258151880555,0.15968131268826238,30,0.2248339492392827,0.10346652916465374,30,0.13062075873215992,0.07055208738389795,30,ok,within_chunk
scene0707_00,random,768,46,30,30,0.9898035208384196,0.003463078157828072,30,0.9745537480371717,0.004366977575479211,30,0.015249772801247903,0.004567432765471219,30,0.30632397631804326,0.12195935619029291,30,0.46843070602193826,0.1517258464879956,30,0.23470596828477053,0.10342941818944733,30,0.1358879141509533,0.07073520752449598,30,ok,within_chunk
scene0707_00,random,1024,42,30,30,0.9204476793607076,0.02723371827253383,30,0.8086854635608732,0.02987847248497503,30,0.11176221579983431,0.028145994071954547,30,0.3311562484679344,0.12680494612288407,30,0.49681418039077396,0.1509498900860039,30,0.21024761489920227,0.0904074685240782,30,0.12331709476808707,0.06671884255744352,30,ok,within_chunk
scene0707_00,random,1024,43,30,30,0.9209798256556193,0.030840500162366825,30,0.8001730103675943,0.034792032524711615,30,0.120806815288025,0.034501114680070874,30,0.3234787929062019,0.12087923696958447,30,0.48131713826900546,0.14959308317864828,30,0.21876442568752535,0.0939148258185314,30,0.12716575240095457,0.06065488840852547,30,ok,within_chunk
scene0707_00,random,1024,44,30,30,0.987373153368632,0.003975562968129922,30,0.9681146071173389,0.0050639766132644735,30,0.019258546251293158,0.005246207659832267,30,0.3195576005763919,0.1313430639354064,30,0.477043874239189,0.16359935964701683,30,0.22929735667395212,0.11098128385799301,30,0.13520405118664106,0.0717837776081722,30,ok,within_chunk
scene0707_00,random,1024,45,30,30,0.9872295300165812,0.004364263379013629,30,0.9670531265851778,0.00553015053483435,30,0.020176403431403315,0.005771643282534336,30,0.3204749908242333,0.1276005307270648,30,0.4815104038356384,0.15681038005409884,30,0.2232490554816446,0.10047640729447416,30,0.12801619147260984,0.06355353441585235,30,ok,within_chunk
scene0707_00,random,1024,46,30,30,0.9871137022972107,0.004427879703116421,30,0.9675839753659639,0.005517767738979862,30,0.019529726931246865,0.005801126856701203,30,0.3117087152891367,0.11487693301969545,30,0.47528596974003096,0.1487876249432604,30,0.22506744174516413,0.09352533738642996,30,0.1304925472786029,0.06267281281603476,30,ok,within_chunk
scene0708_00,ablation_iterative,128,0,30,30,0.881028417746226,0.030798164698586386,30,0.7545161269633096,0.02729717674507057,30,0.12651229078291645,0.031196831148827528,30,0.3436281136408816,0.17035406723894816,30,0.382136200415138,0.1684221452136869,30,0.38118845697507037,0.19547843290764677,30,0.22952263280749322,0.1879732561691408,30,ok,within_chunk
scene0708_00,ablation_iterative,256,0,30,30,0.8682227611541748,0.03039676807512055,30,0.7198982275856909,0.03183784863373263,30,0.14832453356848385,0.039171232090312876,30,0.3433972659804144,0.16691437720448077,30,0.38803792698155176,0.16538470707817637,30,0.3832383121226851,0.2193538306742233,30,0.24200286256770293,0.20733668066438118,30,ok,within_chunk
scene0708_00,ablation_iterative,384,0,30,30,0.8796618402004241,0.030096905041435973,30,0.7476825487878388,0.03125560547968494,30,0.13197929141258538,0.03575758348128699,30,0.3497361242929029,0.16179626610174525,30,0.3948395342230937,0.15633869079005577,30,0.3804799881017446,0.20285640052224777,30,0.23694922377665836,0.20606327582036427,30,ok,within_chunk
scene0708_00,ablation_iterative,512,0,30,30,0.8716967185338338,0.03172825063504946,30,0.734566140239974,0.03393086494888627,30,0.13713057829385986,0.036408138306391245,30,0.33559632990474225,0.15838709770365025,30,0.3839703641524422,0.15382949166408455,30,0.38021351398362185,0.18704228753686694,30,0.24225048882265884,0.20135796079378734,30,ok,within_chunk
scene0708_00,ablation_iterative,768,0,30,30,0.8822542746861776,0.032059231711329766,30,0.7556439163448352,0.032764662728578,30,0.1266103583413423,0.03351614584707419,30,0.3401060064401428,0.16995814830977915,30,0.3905928929716795,0.16534215544240086,30,0.3612631841967407,0.195493687918332,30,0.2356108410904805,0.20238714230219834,30,ok,within_chunk
scene0708_00,ablation_iterative,1024,0,30,30,0.8988471746444702,0.02962090841221511,30,0.795069613556778,0.028461084064114517,30,0.10377756108769212,0.027246948647948573,30,0.3276967882125144,0.16232319449235655,30,0.380272947967976,0.16424786870415206,30,0.3762398660552145,0.1949038736974276,30,0.23442335451642674,0.1856595450655307,30,ok,within_chunk
scene0708_00,ablation_once,128,0,30,30,0.9171366810798645,0.031981831909152776,30,0.8242522971015129,0.036254785055706014,30,0.0928843839783515,0.029911589457186756,30,0.2676903742401826,0.1422651406226793,30,0.3160719706518928,0.14660934841619236,30,0.43696439117764657,0.22674374931537145,30,0.3027290972570578,0.2379604054795045,30,ok,within_chunk
scene0708_00,ablation_once,256,0,30,30,0.9096004585425059,0.03202363439894199,30,0.8114166798009771,0.033867919021829465,30,0.09818377874152891,0.028396964675561628,30,0.30171622405096904,0.1419417401794359,30,0.35348765136756893,0.1481939750522012,30,0.4018802661767651,0.20208639571735254,30,0.2704705100506544,0.21492046536738094,30,ok,within_chunk
scene0708_00,ablation_once,384,0,30,30,0.9074809829394023,0.030046509956916014,30,0.8096898102664067,0.030809079698613465,30,0.09779117267299557,0.027221895697182964,30,0.3185692812613318,0.14698066149525582,30,0.3743664617876005,0.1452963142991777,30,0.37744285992092885,0.18288441012238957,30,0.24469952359795571,0.1781138540768095,30,ok,within_chunk
scene0708_00,ablation_once,512,0,30,30,0.9042438487211863,0.028706668891147907,30,0.804120351377314,0.029596853004295823,30,0.10012349734387235,0.02759782599191242,30,0.3227924139762171,0.15134608618108994,30,0.3745655723292131,0.15270521822744482,30,0.380818077774347,0.1908449918605725,30,0.23824128210544587,0.17601470301418864,30,ok,within_chunk
scene0708_00,ablation_once,768,0,30,30,0.9029361108938853,0.02861464109736596,30,0.8028264580629544,0.028179614409899374,30,0.10010965283093082,0.026751150686933192,30,0.3283926315464749,0.16286710950568103,30,0.3782706919114691,0.16284137226262746,30,0.36605038902564857,0.18872477742991223,30,0.23258460176487764,0.1924995715483571,30,ok,within_chunk
scene0708_00,ablation_once,1024,0,30,30,0.8988471746444702,0.02962090841221511,30,0.795069613556778,0.028461084064114517,30,0.10377756108769212,0.027246948647948573,30,0.3276967882125144,0.16232319449235655,30,0.380272947967976,0.16424786870415206,30,0.3762398660552145,0.1949038736974276,30,0.23442335451642674,0.1856595450655307,30,ok,within_chunk
scene0708_00,centered_full,1536,0,30,30,0.724004731575648,0.10732149295919971,30,0.43936010494979655,0.15601552779965017,30,0.28464462662585144,0.10979511478808791,30,0.28836646036651425,0.16171375747309366,30,0.3358777930289183,0.16663843710634677,30,0.4349896701626407,0.252989816881236,30,0.32754211872816086,0.31281071547463885,30,ok,within_chunk
scene0708_00,original,1536,0,30,30,0.9790486097335815,0.007896816237756676,30,0.9554694318329099,0.009299130387846325,30,0.023579177900671724,0.008203647506812557,30,0.2803485488991525,0.1595192900490922,30,0.3255924396551067,0.1657206210751189,30,0.4436469652524406,0.2596259075073162,30,0.32848576866090295,0.29372645268470265,30,ok,within_chunk
scene0708_00,pca,128,0,30,30,0.7597817440827688,0.11035801090436143,30,0.4700296438692932,0.1676441274767961,30,0.2897521002134756,0.11976666130353439,30,0.25944636162669804,0.1565691813822225,30,0.3075324069327801,0.16056935855754564,30,0.47555352378831184,0.3006352952333583,30,0.3652811713516712,0.379885577518253,30,ok,within_chunk
scene0708_00,pca,256,0,30,30,0.7429645160833994,0.10917475632104272,30,0.455576112318279,0.16300230821588446,30,0.2873884037651205,0.11507685519981824,30,0.2749213693217115,0.1591528687049839,30,0.32287129847534357,0.16385546323886596,30,0.4632478109607299,0.2906151263742594,30,0.3480149731040001,0.345895886569066,30,ok,within_chunk
scene0708_00,pca,384,0,30,30,0.7356155395507813,0.10851469191886855,30,0.4494239731331934,0.16069065773369764,30,0.28619156641758775,0.11320293279516225,30,0.2798582712521648,0.16462502279373953,30,0.32708017621688423,0.16791767353211054,30,0.4556037628133035,0.27952498472526055,30,0.3457222618162632,0.350663166009829,30,ok,within_chunk
scene0708_00,pca,512,0,30,30,0.731619393825531,0.10813687357172631,30,0.4460320470675689,0.15916404159552133,30,0.2855873467579621,0.1120150072067106,30,0.2825221127674864,0.16548608795181535,30,0.3297440177322058,0.16899701189905927,30,0.45466752380786424,0.2805232264333013,30,0.34516186714172364,0.3513289853343632,30,ok,within_chunk
scene0708_00,pca,768,0,30,30,0.7273994435866674,0.10774295227315797,30,0.44235222572242083,0.15763306834898289,30,0.2850472178642465,0.1108661556604517,30,0.284326266064692,0.15913285454200188,30,0.3321434091246496,0.16396817914033596,30,0.4400922865218287,0.2538072657165381,30,0.32863755598664285,0.3130300580580752,30,ok,within_chunk
scene0708_00,pca,1024,0,30,30,0.7254534959793091,0.10748494043339983,30,0.44065645255637487,0.15673712188727007,30,0.28479704342293427,0.11027611530170904,30,0.2839997843790248,0.15843350461373884,30,0.3317865991350928,0.16360136068031841,30,0.4376193772826032,0.2522956276010931,30,0.3283946288128694,0.31270476689620347,30,ok,within_chunk
scene0708_00,random,128,42,30,30,0.9225728253523509,0.030446821593013096,30,0.8288399103400214,0.04045257287168184,30,0.09373291501232946,0.03261829272411623,30,0.2733478875706718,0.14321545941336108,30,0.32315864997201227,0.14954645689284654,30,0.4711963740768331,0.26233822686821856,30,0.33838608115911484,0.30997947639280427,30,ok,within_chunk
scene0708_00,random,128,43,30,30,0.9163592020670573,0.0228632475529691,30,0.8380423620146641,0.018831547826244563,30,0.07831684005239335,0.020224493009491817,30,0.2574479255099477,0.1364172387638268,30,0.3026389951551705,0.1358636291238606,30,0.47889298239830824,0.21367149457935605,30,0.3355461599926154,0.242028615296395,30,ok,within_chunk
scene0708_00,random,128,44,30,30,0.926398487885793,0.03366900653550247,30,0.8405593767213605,0.046405111579516115,30,0.08583911116443269,0.03559496044875296,30,0.24049135218542758,0.1404411289420419,30,0.27989771752503206,0.14927904506152292,30,0.49763776835091494,0.26885024599690316,30,0.3864425626893838,0.3427528623266143,30,ok,within_chunk
scene0708_00,random,128,45,30,30,0.9204167981942495,0.026276846491211533,30,0.8338677910117965,0.03433444995157939,30,0.08654900718245301,0.02812398631906081,30,0.236708950310868,0.14179504533007142,30,0.27889306909900313,0.14022568920835973,30,0.5135785128090309,0.2643128943538197,30,0.3786608877281348,0.3030351651053634,30,ok,within_chunk
scene0708_00,random,128,46,30,30,0.8866547067960103,0.03563120069372963,30,0.7788980934776986,0.0329960900674634,30,0.10775661331831182,0.030960012900100767,30,0.25975789486790846,0.15783118282074196,30,0.30249989442963926,0.16455301187219137,30,0.4575519833197875,0.22192946711910272,30,0.3208627820014954,0.24732564451628578,30,ok,within_chunk
scene0708_00,random,256,42,30,30,0.9221112926801046,0.03464647497812074,30,0.8338642765594695,0.04461130893459139,30,0.08824701612063529,0.03327134349614641,30,0.28423983665066915,0.15001926808991556,30,0.33118102113633463,0.15914245730471394,30,0.4298532564980165,0.26021718536432153,30,0.32568325151999794,0.2974707372351764,30,ok,within_chunk
scene0708_00,random,256,43,30,30,0.9308553159236908,0.029455539968677773,30,0.857757477067777,0.03178124097294332,30,0.07309783885591378,0.023901123086091807,30,0.2607019935991323,0.15149025921515144,30,0.3086287476704752,0.16202417078545975,30,0.4663952058888577,0.24297641797884315,30,0.33213480388124783,0.2966786071542863,30,ok,within_chunk
scene0708_00,random,256,44,30,30,0.9120329479376476,0.0350925454779092,30,0.8205275770814571,0.04057750428541195,30,0.09150537085619029,0.03162791856340731,30,0.2465619909746012,0.14649259016116065,30,0.29249227403395095,0.15103052550690635,30,0.46778394316913946,0.2220469545830921,30,0.33915897930661837,0.23442684840402925,30,ok,within_chunk
scene0708_00,random,256,45,30,30,0.9231693704922994,0.030650587449704697,30,0.8380826716548574,0.04038306521286411,30,0.08508669883744205,0.031638943901430815,30,0.26516269776295026,0.14197157594879797,30,0.3115396116008973,0.14659764428796723,30,0.47760233575839073,0.2556112780184891,30,0.3214011841764053,0.28965251341950343,30,ok,within_chunk
scene0708_00,random,256,46,30,30,0.9016476571559906,0.03630334742579468,30,0.8022030265745097,0.04031472970726043,30,0.09944463058148098,0.031158145663641387,30,0.267249502614986,0.13637815563939554,30,0.31531581639275286,0.14704372613783367,30,0.4249902749673647,0.20285994541277147,30,0.28256461545825007,0.20011885046611289,30,ok,within_chunk
scene0708_00,random,384,42,30,30,0.9193348050117492,0.033056773908238475,30,0.8329307239631907,0.03771198965854856,30,0.08640408104855853,0.029131580510307842,30,0.2885426743088889,0.15274898823347072,30,0.33253737709039294,0.1623019978767863,30,0.43419128545106483,0.2546025972179798,30,0.31414033596714336,0.28148455163563396,30,ok,within_chunk
scene0708_00,random,384,43,30,30,0.9262939453125,0.037045782515570766,30,0.849404519895095,0.042506354630153835,30,0.07688942541740494,0.02949777264034222,30,0.2694459577120236,0.1552928645345755,30,0.30971102495616204,0.16040003365227992,30,0.4569044159586062,0.26751911240188153,30,0.3398949919889371,0.3315642498108237,30,ok,within_chunk
scene0708_00,random,384,44,30,30,0.993003390232722,0.0025000566191395682,30,0.9843272580484094,0.003876879448457305,30,0.008676132184312584,0.0036270500492612072,30,0.249868669078639,0.14247785990027403,30,0.29074133872871927,0.1494122515894301,30,0.451291194275773,0.21967821427321774,30,0.34098511189222336,0.25941601139396964,30,ok,within_chunk
scene0708_00,random,384,45,30,30,0.9934196968873342,0.002354929692200438,30,0.985693195592164,0.003094713303684324,30,0.007726501295170181,0.00287573814088572,30,0.2760383575261727,0.14799580630537024,30,0.32082886711946246,0.15183394790070448,30,0.4478190089104249,0.2291878624839447,30,0.30646407666305703,0.26082896119700794,30,ok,within_chunk
scene0708_00,random,384,46,30,30,0.8963309864203135,0.03912298651095446,30,0.7945336057119508,0.04119246986145811,30,0.10179738070836293,0.03121383272216815,30,0.27007124788860243,0.1445485190301124,30,0.3186661732303696,0.14668756884335624,30,0.4385574570992494,0.24685347915082406,30,0.31772667293747264,0.2857331334955468,30,ok,within_chunk
scene0708_00,random,512,42,30,30,0.9148029526074727,0.03251149175982143,30,0.8272802470539099,0.03685370399231723,30,0.08752270555356292,0.029217193359638096,30,0.28830568377119514,0.14755560736099957,30,0.33146637682035884,0.15638873299979061,30,0.42526893052505693,0.22617252441593705,30,0.30353988111019137,0.2616066711078167,30,ok,within_chunk
scene0708_00,random,512,43,30,30,0.9247307777404785,0.03680270083169087,30,0.8462887502566302,0.042823674851927444,30,0.07844202748384829,0.030722053650609427,30,0.2620980190051067,0.1541893032181134,30,0.305425463883727,0.16270103709219425,30,0.44910450627779813,0.2745198429166896,30,0.3377790826062361,0.34016704781785767,30,ok,within_chunk
scene0708_00,random,512,44,30,30,0.991473650932312,0.002945490638120556,30,0.9814495482503265,0.004144338877042178,30,0.010024102681985718,0.00385044777672964,30,0.25985321074577233,0.15457423392892217,30,0.3038556565412903,0.1610258055066143,30,0.45010142999971914,0.2340419966112689,30,0.3344657878081004,0.27468054982506257,30,ok,within_chunk
scene0708_00,random,512,45,30,30,0.99168741106987,0.003015917811829496,30,0.9823357278691163,0.0035990479466385425,30,0.009351683200753603,0.003333551809561218,30,0.2781626064202897,0.15599083387986307,30,0.32681353022616844,0.15971726434555306,30,0.43272117716360015,0.22813708088766682,30,0.3121386645982663,0.26906847878191786,30,ok,within_chunk
scene0708_00,random,512,46,30,30,0.8990208109219869,0.04194674652610959,30,0.793414673858103,0.045901072625169494,30,0.10560613706388389,0.033608461245647536,30,0.27891499365277106,0.15789534124194088,30,0.3250721820516679,0.164735977188172,30,0.431348183483617,0.2415556675179836,30,0.3096456668029229,0.2663914770330894,30,ok,within_chunk
scene0708_00,random,768,42,30,30,0.9075397332509358,0.03281521196275401,30,0.8141998509573011,0.03599864609240684,30,0.09333988229363492,0.02978033661715898,30,0.29382375093589513,0.15318587819845284,30,0.33848637011656374,0.1583533388090151,30,0.42665049916965103,0.237905030170626,30,0.3128472400208314,0.2830822892356089,30,ok,within_chunk
scene0708_00,random,768,43,30,30,0.920797977844874,0.035627071822385656,30,0.8319340937804476,0.044676935400749865,30,0.08886388406442638,0.03367043088842884,30,0.2742346982371533,0.15206248525502652,30,0.32080926539681587,0.15831828706332793,30,0.4402269796804205,0.26358206609158885,30,0.3393407803028822,0.3223104983089717,30,ok,within_chunk
scene0708_00,random,768,44,30,30,0.9878436346848806,0.004478102872678749,30,0.9736085974702855,0.00621997449419246,30,0.0142350372145952,0.0057194129781257185,30,0.2754253520327434,0.15706254147466117,30,0.3193473913133802,0.16493377900278952,30,0.4429210314588316,0.24822741255777706,30,0.3330559592694044,0.3073002354774162,30,ok,within_chunk
scene0708_00,random,768,45,30,30,0.9880215167999268,0.0047415542054197865,30,0.9743483415907411,0.005725981956999678,30,0.013673175209185503,0.005129364227733583,30,0.2810589768171268,0.16542584476399794,30,0.32929621551704447,0.16522450852636936,30,0.4411789110213329,0.23572738700992601,30,0.3046761889010668,0.2626751484880591,30,ok,within_chunk
scene0708_00,random,768,46,30,30,0.9878436942895253,0.004491844267288715,30,0.9746400120400508,0.004894133902401083,30,0.013203682249474801,0.00423882163210469,30,0.2812372536890065,0.14841013781876627,30,0.3266628151152935,0.1568965882287384,30,0.442466824970897,0.24489242505275094,30,0.3323353664328655,0.29473640992681754,30,ok,within_chunk
scene0708_00,random,1024,42,30,30,0.9107053935527801,0.032876325576918296,30,0.8157550670430521,0.03665232778845306,30,0.09495032650972784,0.029979854947989163,30,0.2959975113185702,0.15485238315956198,30,0.34173511178407473,0.1606807659001568,30,0.4208699767800384,0.24139032469597754,30,0.3118428559352954,0.2857041562132863,30,ok,within_chunk
scene0708_00,random,1024,43,30,30,0.9163494527339935,0.035979188839502144,30,0.8231632325722296,0.04483668351735782,30,0.09318622016176406,0.034343813708693174,30,0.2782758707817627,0.14626433243992196,30,0.32501759828249827,0.15485917503141863,30,0.43097068367661334,0.25036817075162154,30,0.33088465258479116,0.30169815624900564,30,ok,within_chunk
scene0708_00,random,1024,44,30,30,0.9848779598871867,0.0054395061792981035,30,0.9679257105442683,0.007008087426274852,30,0.016952249342918158,0.006321191343608173,30,0.27865739493452746,0.15158109825247332,30,0.3243421106399481,0.15999617615177833,30,0.4472893759935525,0.24907597396824527,30,0.3145908231536547,0.2707945000558862,30,ok,within_chunk
scene0708_00,random,1024,45,30,30,0.9848304490248362,0.0058589302295404076,30,0.9675527344071194,0.006808715067292602,30,0.017277714617716766,0.006024300653280256,30,0.28370442694841724,0.15776301199493492,30,0.3314999783160905,0.1635456485956214,30,0.431612296271629,0.24689270564219293,30,0.3085779190063477,0.26723486424253134,30,ok,within_chunk
scene0708_00,random,1024,46,30,30,0.9847429891427358,0.005656698332200342,30,0.9680863038525814,0.006292257300096002,30,0.016656685290154415,0.005453999888793874,30,0.28144498357890557,0.14834689888612712,30,0.3287753919557234,0.152339849217876,30,0.43909457955171866,0.23816425350074666,30,0.31118565139671167,0.2514181571538329,30,ok,within_chunk
scene0709_00,ablation_iterative,128,0,30,30,0.810834805170695,0.038610341971044175,30,0.6131693541297653,0.058162515786638905,30,0.1976654510409297,0.054253085305767376,30,0.29782976859183274,0.13061720001574717,30,0.4314560203381534,0.15721297046646704,30,0.2756518117502278,0.11865605168850402,30,0.1693098636964957,0.11669066644238024,30,ok,within_chunk
scene0709_00,ablation_iterative,256,0,30,30,0.8404688954353332,0.03721793001230754,30,0.6281610694460826,0.08117058479351173,30,0.21230782598925071,0.06482169307586216,30,0.29493942208515644,0.13927930256356372,30,0.43003527709868195,0.17181559746591396,30,0.2853962641714228,0.1663206229765196,30,0.17475399412214757,0.12348798891796013,30,ok,within_chunk
scene0709_00,ablation_iterative,384,0,30,30,0.8867955466111501,0.0282990401918264,30,0.7357406574920494,0.045566922963353095,30,0.15105488911910087,0.04240340774981945,30,0.2925629513283481,0.1341408348580123,30,0.4313694054530205,0.1638503149578414,30,0.275958960437863,0.1500439675849169,30,0.1678955881545941,0.11740084069473529,30,ok,within_chunk
scene0709_00,ablation_iterative,512,0,30,30,0.9019699533780415,0.026919166177393625,30,0.7827735255759312,0.03625022451879287,30,0.11919642780211051,0.033215095901901893,30,0.2852222945405716,0.1258863277796372,30,0.42009002167509274,0.1615872864183908,30,0.2841463997633067,0.14982501014644567,30,0.17776916113992533,0.11927052568524621,30,ok,within_chunk
scene0709_00,ablation_iterative,768,0,30,30,0.903036371866862,0.024998067152665265,30,0.7936160509895669,0.032544395630709766,30,0.10942032087729495,0.03062251939344159,30,0.28296415249866935,0.13197582346239178,30,0.4125546773052262,0.16306478132140217,30,0.2898907401684529,0.14802625727074034,30,0.18188860975205898,0.11962358597430367,30,ok,within_chunk
scene0709_00,ablation_iterative,1024,0,30,30,0.9010629216829936,0.024361178511624716,30,0.793598947997535,0.03220655735793816,30,0.10746397368545861,0.030503972791023126,30,0.2817431771120884,0.13269339167892616,30,0.41452845730568616,0.16676058724616097,30,0.2805119149543209,0.13264529138642397,30,0.17974660408993562,0.11865994268313385,30,ok,within_chunk
scene0709_00,ablation_once,128,0,30,30,0.9146896918614705,0.02183552477437103,30,0.8265200296829514,0.021973433468504725,30,0.08816966217851932,0.02524424572192097,30,0.23461459901096013,0.12665444798001738,30,0.3528948334016152,0.16060456832305192,30,0.3251680496831625,0.1648241642842774,30,0.20760388026634852,0.1248362103477506,30,ok,within_chunk
scene0709_00,ablation_once,256,0,30,30,0.8976325412591298,0.024256094937987634,30,0.7907781703322652,0.030284295616275433,30,0.10685437092686473,0.031295786335925786,30,0.2607047927438564,0.12572740675782754,30,0.3867628571395631,0.15922072093015058,30,0.2942271963925912,0.13505313622282775,30,0.18922385461628438,0.11400786780690025,30,ok,within_chunk
scene0709_00,ablation_once,384,0,30,30,0.9041440109411876,0.021781334763882873,30,0.7845799401847345,0.03648043186199751,30,0.11956407075645305,0.03531764174303011,30,0.26893395473167153,0.12972329074352576,30,0.3965688483248481,0.1614504418039684,30,0.2952987237778148,0.14041478852214537,30,0.18382985070347785,0.11548656163153034,30,ok,within_chunk
scene0709_00,ablation_once,512,0,30,30,0.9028794308503468,0.021611186166659628,30,0.7876822503294691,0.03449309524438503,30,0.11519718052087759,0.03332996148616293,30,0.2781344213877364,0.13124281602320542,30,0.4070492633854812,0.16372366608025854,30,0.2896404480012725,0.13537878110349455,30,0.1815930018822352,0.11580240609541742,30,ok,within_chunk
scene0709_00,ablation_once,768,0,30,30,0.9028400381406149,0.02308691350237725,30,0.7943148903892366,0.032093944423458934,30,0.10852514775137813,0.031123865517042795,30,0.2748744768599323,0.13156324189420476,30,0.40460529322061345,0.16350472328399698,30,0.2877900597485229,0.1347855738047698,30,0.1816371279458205,0.11636912517632339,30,ok,within_chunk
scene0709_00,ablation_once,1024,0,30,30,0.9010629216829936,0.024361178511624716,30,0.793598947997535,0.03220655735793816,30,0.10746397368545861,0.030503972791023126,30,0.2817431771120884,0.13269339167892616,30,0.41452845730568616,0.16676058724616097,30,0.2805119149543209,0.13264529138642397,30,0.17974660408993562,0.11865994268313385,30,ok,within_chunk
scene0709_00,centered_full,1536,0,30,30,0.6732360859711964,0.07656580942518143,30,0.30110935169089736,0.15391949683759462,30,0.37212673428029913,0.1387568588258617,30,0.2442614658755224,0.11482299565600777,30,0.3644410936479578,0.15080464757582318,30,0.3126850266777056,0.12774126494398183,30,0.202434744934241,0.10288801289308522,30,ok,within_chunk
scene0709_00,original,1536,0,30,30,0.9758775810400645,0.006824368930755864,30,0.9456892009820462,0.009822329598699534,30,0.030188380058018268,0.009437039176729277,30,0.2513741146250245,0.12044231659066004,30,0.36723114482847646,0.15269108219734032,30,0.3145491658723208,0.13326190147675454,30,0.20673730708658694,0.11446207498004485,30,ok,within_chunk
scene0709_00,pca,128,0,30,30,0.7060259650150935,0.07781814284703921,30,0.315712537118514,0.16343624089115225,30,0.39031342789657947,0.15110113829236668,30,0.22822315367787738,0.10933201779446934,30,0.3391400755645628,0.14802884608965586,30,0.33613148690178896,0.1299036641323886,30,0.22179559444387753,0.11276106690683432,30,ok,within_chunk
scene0709_00,pca,256,0,30,30,0.69083926876386,0.0773828096681256,30,0.30831793959823817,0.1598067804536979,30,0.3825213291656218,0.14542918817397157,30,0.23366637701271922,0.11345472081087411,30,0.3499827980552329,0.15172633984476044,30,0.3256475872123024,0.12994750920398268,30,0.21123329003651936,0.10516929333079372,30,ok,within_chunk
scene0709_00,pca,384,0,30,30,0.6839976042509079,0.07717075152778298,30,0.3049951245462913,0.15784103790854737,30,0.3790024797046166,0.1431384443420843,30,0.23879128583167078,0.11482536398775307,30,0.3563974341076789,0.1507271917561476,30,0.3206979447569941,0.131672599592797,30,0.20812294681866964,0.10673652795325533,30,ok,within_chunk
scene0709_00,pca,512,0,30,30,0.6802244265874227,0.07695784740149429,30,0.303430872117673,0.15654946369247238,30,0.3767935544697496,0.14167164397440535,30,0.23902134066638736,0.11438900354561887,30,0.35799522022529673,0.15044066014106158,30,0.31863411700217237,0.13163626226904773,30,0.20812301747500897,0.10601074162629366,30,ok,within_chunk
scene0709_00,pca,768,0,30,30,0.6763988435268402,0.0767307815640379,30,0.3021121728906864,0.1551862367952813,30,0.3742866706361538,0.14010651238632302,30,0.2412027228756439,0.1150117616646081,30,0.3610109216694938,0.15020385053152688,30,0.31389615927861236,0.12731749189042077,30,0.20541011008123558,0.10504936748237524,30,ok,within_chunk
scene0709_00,pca,1024,0,30,30,0.6745603024959564,0.07665695201501267,30,0.3015149378839619,0.15449497527336908,30,0.37304536461199456,0.13934028786220234,30,0.24366368402774052,0.11526879920541125,30,0.3638433118001759,0.15130553763757565,30,0.31273896264662676,0.12789273527950148,30,0.2036885842680931,0.10401815199380178,30,ok,within_chunk
scene0709_00,random,128,42,30,30,0.9018198629220326,0.029828081859548983,30,0.7825858285024941,0.042939834079542376,30,0.11923403441953861,0.036311608083786716,30,0.23559307499765508,0.11253049641787276,30,0.34722438493586766,0.15107469483392533,30,0.3296588186178285,0.13333577287467155,30,0.21481454248229662,0.1108195321819082,30,ok,within_chunk
scene0709_00,random,128,43,30,30,0.903547199567159,0.02040035548092341,30,0.8045421513607137,0.030009751897164157,30,0.09900504820644508,0.03160576716671926,30,0.22072815104766447,0.10307892819148542,30,0.3257040930783893,0.14336082698388583,30,0.35778635767658595,0.17048255696806094,30,0.2529867678880692,0.1721734132074306,30,ok,within_chunk
scene0709_00,random,128,44,30,30,0.912148799498876,0.02406610536225687,30,0.770006931731794,0.057408090715412675,30,0.1421418677670819,0.05267061436881138,30,0.1787962213247911,0.09762532483204897,30,0.2722142339127833,0.1276281127727144,30,0.39077131729021614,0.153297566062288,30,0.26146025558312735,0.11347532583711734,30,ok,within_chunk
scene0709_00,random,128,45,30,30,0.9114394863446553,0.02085859675316869,30,0.8086875804657528,0.026544422968030827,30,0.10275190587890261,0.03129006677386529,30,0.21292637971323028,0.10176439411785929,30,0.309970487015869,0.13615484354794713,30,0.3562312166688776,0.14828830484511005,30,0.23463013544678687,0.1116156221644221,30,ok,within_chunk
scene0709_00,random,128,46,30,30,0.8787660618623098,0.033923325896511834,30,0.7633601236892822,0.03779775670242054,30,0.11540593817302743,0.03344082255459596,30,0.22814391073254786,0.11747832533376705,30,0.33728662427059736,0.15345811295661185,30,0.3452795818762027,0.13046813869123053,30,0.22320920613904793,0.11388380530033415,30,ok,within_chunk
scene0709_00,random,256,42,30,30,0.8996018012364705,0.03385482133455591,30,0.7785485914648003,0.04322980278466839,30,0.12105320977167013,0.03789564588149687,30,0.2582572673131035,0.11342447937872721,30,0.3770227940575525,0.146238251800646,30,0.30929258965594625,0.12936206912469278,30,0.1918922492613395,0.10825367470996007,30,ok,within_chunk
scene0709_00,random,256,43,30,30,0.9195420185724894,0.02483466000422708,30,0.8202041129922565,0.03807543815616368,30,0.09933790558023287,0.03426264287031518,30,0.22020272382040734,0.10085513363153453,30,0.32865541679646965,0.13010538158010268,30,0.3518412252042738,0.13337019832876718,30,0.244355916728576,0.15510486356892889,30,ok,within_chunk
scene0709_00,random,256,44,30,30,0.9009290138880411,0.026885706778926433,30,0.7777865861934578,0.04499163031380911,30,0.12314242769458339,0.040410375201408465,30,0.20219971464648484,0.09929096515421532,30,0.3059131422066408,0.13688566090723867,30,0.3649780732791296,0.12999245074279997,30,0.24380349616209665,0.11382028328016942,30,ok,within_chunk
scene0709_00,random,256,45,30,30,0.9042420546213786,0.024123443380353504,30,0.7835155761860998,0.041461483253148246,30,0.12072647843527885,0.038449612448596245,30,0.22013898370312682,0.10950995093697047,30,0.32226702709820326,0.14363865400236459,30,0.35855076945319736,0.1532836531185425,30,0.2326906405389309,0.11553443829763962,30,ok,within_chunk
scene0709_00,random,256,46,30,30,0.891739159822464,0.03305754597630951,30,0.768124198566723,0.03774221865854361,30,0.12361496125574095,0.03590885319455914,30,0.24811997029166075,0.10981785377176385,30,0.3643293217458851,0.1432578598579101,30,0.3174491197470449,0.12425434104129478,30,0.2003154054284096,0.10438406807548398,30,ok,within_chunk
scene0709_00,random,384,42,30,30,0.904160217444102,0.03067960578664252,30,0.798246349624818,0.03597248673446205,30,0.10591386781928415,0.03250170405038847,30,0.2591974331153908,0.11671848205490255,30,0.37484812567880954,0.1453148985593034,30,0.31011769824702445,0.13017578157962617,30,0.1947644256055355,0.1042205067892704,30,ok,within_chunk
scene0709_00,random,384,43,30,30,0.9081264893213908,0.03098686052046347,30,0.789769446625434,0.0470008577966938,30,0.11835704269595666,0.042172019059435926,30,0.23148367593331926,0.1038072025353128,30,0.3454611632718227,0.1298240542163105,30,0.33443661513613987,0.12388768474329126,30,0.22766116211811702,0.15290720229933746,30,ok,within_chunk
scene0709_00,random,384,44,30,30,0.9919889668623606,0.002027735730889557,30,0.9806816916355069,0.004016599972550896,30,0.011307275226853692,0.003810474924213696,30,0.2123960964674617,0.10863302260154906,30,0.3173055957301309,0.14232297393686827,30,0.35109043505938514,0.13719133307252118,30,0.2323533130188783,0.11875808632076092,30,ok,within_chunk
scene0709_00,random,384,45,30,30,0.9922906597455342,0.0020301878578753876,30,0.9819221550311739,0.003607387132149241,30,0.010368504714360424,0.0033297999646257175,30,0.22439412308646906,0.11183900827643697,30,0.3286403948880195,0.14625495236116556,30,0.347695553734902,0.12548423431462477,30,0.22498611186941464,0.10780958168107425,30,ok,within_chunk
scene0709_00,random,384,46,30,30,0.8860364655653635,0.03302254282674344,30,0.749454859500134,0.04615305925005674,30,0.13658160606522948,0.04239526359434196,30,0.25095056479933936,0.11563728666746924,30,0.3696748013273206,0.14754814256190402,30,0.3056123620458701,0.10730426490189865,30,0.19982495084404944,0.10301487665797185,30,ok,within_chunk
scene0709_00,random,512,42,30,30,0.8986960113048553,0.030397313395193578,30,0.7905730320220735,0.03618103543658078,30,0.10812297928278179,0.03282048361085809,30,0.262409909254799,0.12579491147881272,30,0.3736155966800918,0.15324269404206362,30,0.3058462058108159,0.1342921124762284,30,0.20010271954039732,0.11074003461401297,30,ok,within_chunk
scene0709_00,random,512,43,30,30,0.9052995125452677,0.029649174063869098,30,0.7818911085569946,0.04809976869567496,30,0.12340840398827314,0.043598236978256426,30,0.2382456971609027,0.11185142914525172,30,0.3527116249418405,0.14297757352652893,30,0.3237510518568026,0.12431216048965235,30,0.20738396793603897,0.10968625055701392,30,ok,within_chunk
scene0709_00,random,512,44,30,30,0.99042609333992,0.002374213055093747,30,0.9775781677489681,0.004347564702254181,30,0.012847925590951851,0.00417882177046973,30,0.2231453402730322,0.10761729535368701,30,0.3347648130747512,0.14289265345427454,30,0.3323834760822629,0.12863630623101607,30,0.21632407878835996,0.11392772527498286,30,ok,within_chunk
scene0709_00,random,512,45,30,30,0.9904619137446086,0.002569264780434353,30,0.9783086360509395,0.004098366522224463,30,0.012153277693669,0.0038012804609513008,30,0.24030163167563276,0.11512224243330349,30,0.34913782432754065,0.1475885031993419,30,0.3327974176137322,0.12497906307908427,30,0.21655747157831987,0.10831452927207987,30,ok,within_chunk
scene0709_00,random,512,46,30,30,0.8794801433881124,0.03727899948351025,30,0.7337212203459901,0.04907201941851259,30,0.14575892304212226,0.046159736102281704,30,0.23449891876167978,0.1062686241330451,30,0.34813753029870076,0.14281610511444945,30,0.31974518767365734,0.11467614027178501,30,0.21172121415535608,0.10761038077248136,30,ok,within_chunk
scene0709_00,random,768,42,30,30,0.8926756024360657,0.030385652907404595,30,0.775110833804561,0.039305685583604665,30,0.1175647686315046,0.03573620195736853,30,0.2660256225347005,0.11390261033322743,30,0.38753131859922085,0.14703024743600168,30,0.2973510333005326,0.11800255291401159,30,0.1915745115528504,0.10878177214474274,30,ok,within_chunk
scene0709_00,random,768,43,30,30,0.8969476262728373,0.028583099268555484,30,0.7594661941646823,0.05012102964910598,30,0.13748143210815505,0.04546410336614764,30,0.2303118899523913,0.10804154686591072,30,0.3435282378166077,0.145373969619265,30,0.33831874901536624,0.145446429003422,30,0.22754641448458035,0.12409514519907926,30,ok,within_chunk
scene0709_00,random,768,44,30,30,0.9861210306485494,0.003735812446868877,30,0.9677546864186894,0.006495381661307842,30,0.018366344229859877,0.006293129863154165,30,0.23657776702622332,0.11542999836107158,30,0.34283411381498413,0.14813269562528622,30,0.32651043983684347,0.12546630092143773,30,0.21794645090897877,0.11659031231026555,30,ok,within_chunk
scene0709_00,random,768,45,30,30,0.9864595969518025,0.0038712924139579054,30,0.9685590923685299,0.0061184834917502855,30,0.01790050458327264,0.005784713857638773,30,0.24929654506686755,0.12237952559572542,30,0.36151447601322023,0.1533182867997379,30,0.3152301367550876,0.12159175809586344,30,0.2047182485461235,0.1095945203877069,30,ok,within_chunk
scene0709_00,random,768,46,30,30,0.9861328879992167,0.004077800164071593,30,0.9698856366844477,0.005028322348874518,30,0.016247251314768913,0.004901494158696764,30,0.24366302761308042,0.11263869276611414,30,0.35544340734192864,0.15174578854712242,30,0.3196400102322808,0.1287879790144319,30,0.2086414009332657,0.11010660447755892,30,ok,within_chunk
scene0709_00,random,1024,42,30,30,0.8962325751781464,0.028879222428610875,30,0.7740692257690875,0.04100091154975916,30,0.12216334940905885,0.03782544200316822,30,0.26546145110729713,0.12275901217666692,30,0.38575353599929557,0.15179850709700968,30,0.2963832317028888,0.1159334678522799,30,0.18849958963692187,0.10399777488861596,30,ok,within_chunk
scene0709_00,random,1024,43,30,30,0.8922075847784678,0.029031367222370357,30,0.7518808653721768,0.05095377845261669,30,0.14032671940629107,0.046074154681345576,30,0.23828634391621614,0.11027348033602755,30,0.3494990367931164,0.1459373523464296,30,0.3194338640764425,0.11384589479537946,30,0.2142739829917749,0.11215521639816241,30,ok,within_chunk
scene0709_00,random,1024,44,30,30,0.9829080502192179,0.004522717706313956,30,0.9615351300160497,0.007168741408781243,30,0.021372920203168267,0.006963383320440627,30,0.24231044877978572,0.11419556394718514,30,0.35677670671482503,0.1465477064474664,30,0.31505029480139624,0.11333700005603096,30,0.21006527667244276,0.11317561256193125,30,ok,within_chunk
scene0709_00,random,1024,45,30,30,0.982609611749649,0.004978960844320452,30,0.9601895584598077,0.00723961545468253,30,0.02242005328984141,0.006966084768359707,30,0.24666411822191733,0.11739375735513684,30,0.364370654659508,0.14753737653772636,30,0.31627842173817966,0.12857593593667138,30,0.2039180340866248,0.10966580884748992,30,ok,within_chunk
scene0709_00,random,1024,46,30,30,0.982410071293513,0.005074813089302578,30,0.961310134415535,0.006701257497157902,30,0.021099936877977992,0.006457096888637953,30,0.2442945631958834,0.11050306413547983,30,0.36231594723196375,0.14701365358482343,30,0.31697918252703283,0.12814356870776622,30,0.2087253517160813,0.1122995882296309,30,ok,within_chunk
scene0710_00,ablation_iterative,128,0,30,30,0.8172710160414378,0.03936252823399954,30,0.6654800213920088,0.04333207154070914,29,0.15486988155025413,0.04835800423207203,29,0.17324045817038097,0.1232106560571399,30,0.3317524665262699,0.19541247610452891,30,0.3428649260375476,0.1527808564982631,30,0.2640063318113486,0.17502137086710826,30,ok,within_chunk
scene0710_00,ablation_iterative,256,0,30,30,0.8809000869592031,0.026683505938301415,30,0.7856186852845816,0.030671485038033734,29,0.09776740254408747,0.0345264296338458,29,0.2026633468730274,0.13227749956567755,30,0.35026179189794354,0.20168780653515136,30,0.3375640588625687,0.17656154795762116,30,0.26687568177779514,0.20889833481899356,30,ok,within_chunk
scene0710_00,ablation_iterative,384,0,30,30,0.8729282339413961,0.03200173647769072,30,0.7503274553417072,0.041535312192388346,29,0.12576795470930968,0.040753721866589675,29,0.21180925432669886,0.13375766027712568,30,0.36497398607364434,0.20130795326116735,30,0.3316304748552482,0.17438954233815454,30,0.25847751709322137,0.2049030089921499,30,ok,within_chunk
scene0710_00,ablation_iterative,512,0,30,30,0.884916897614797,0.02899474695864822,30,0.7783511715614634,0.037106844935044875,29,0.10934880243282447,0.03424022583829495,29,0.20882428174137338,0.13320412923500308,30,0.3609529339622407,0.19682782009104458,30,0.33063779589375775,0.16521733052302146,30,0.25115556865930555,0.1987306251800033,30,ok,within_chunk
scene0710_00,ablation_iterative,768,0,30,30,0.8859259863694509,0.029434507633407693,30,0.7779284591376513,0.03815605428332905,29,0.11082868955569644,0.035136692276144604,29,0.2004364104194622,0.1308185867336126,30,0.3527313348622245,0.20037159725904438,30,0.33690915174365293,0.17636471137317405,30,0.2614554567883412,0.19980228976526548,30,ok,within_chunk
scene0710_00,ablation_iterative,1024,0,30,30,0.8797059019406637,0.031095781404124504,30,0.7744087432148115,0.037338445478369856,29,0.10860222586496263,0.03440046133647077,29,0.18448522052755392,0.1252910787636848,30,0.3290319693185706,0.1909346989586933,30,0.3474221336145114,0.1728179846625018,30,0.27824970458944637,0.20279610925360883,30,ok,within_chunk
scene0710_00,ablation_once,128,0,30,30,0.8874308864275614,0.032397685164139926,30,0.7791903644942685,0.03379448760823375,29,0.1113920407933754,0.03816683837475761,29,0.1251762163779026,0.08561504075739251,30,0.24757859460538373,0.16155634283709994,30,0.4117167831104389,0.18972006204806782,30,0.35400189608335497,0.2260701783465926,30,ok,within_chunk
scene0710_00,ablation_once,256,0,30,30,0.8822753210862477,0.03255502545537126,30,0.7790168612704003,0.03377186545709916,29,0.10690100167107867,0.034674203331863745,29,0.14396336504507895,0.09943503098944856,30,0.27315288411434213,0.18063423141784762,30,0.38315998324176115,0.1742523537099459,30,0.3195088389019171,0.2044738862702104,30,ok,within_chunk
scene0710_00,ablation_once,384,0,30,30,0.8799354831377665,0.032627909989394056,30,0.7778661394833919,0.03396379792198229,29,0.10580366028841029,0.033429089796632096,29,0.16624643733667652,0.10984321289775194,30,0.3005901259367166,0.1831209182348715,30,0.3643059614809408,0.16286024911885366,30,0.29539391621947286,0.1962785010234914,30,ok,within_chunk
scene0710_00,ablation_once,512,0,30,30,0.8825383484363556,0.03118833874066461,30,0.7835061271831887,0.03594189081654577,29,0.102495741311437,0.033303254410750494,29,0.17535892450847645,0.11320590553396154,30,0.31000104441520737,0.1845570896016466,30,0.36331671729869647,0.17332350663763935,30,0.2925385599335035,0.20540879537335927,30,ok,within_chunk
scene0710_00,ablation_once,768,0,30,30,0.8792801479498545,0.03143907655129793,30,0.770840509677708,0.03769886842289832,29,0.11194898087407612,0.03548660550097631,29,0.17536926829189647,0.1207280166345695,30,0.3086389181343908,0.18410066113325732,30,0.3596399173810194,0.17369581908424314,30,0.28990799287954966,0.20202986954884952,30,ok,within_chunk
scene0710_00,ablation_once,1024,0,30,30,0.8797059019406637,0.031095781404124504,30,0.7744087432148115,0.037338445478369856,29,0.10860222586496263,0.03440046133647077,29,0.18448522052755392,0.1252910787636848,30,0.3290319693185706,0.1909346989586933,30,0.3474221336145114,0.1728179846625018,30,0.27824970458944637,0.20279610925360883,30,ok,within_chunk
scene0710_00,centered_full,1536,0,30,30,0.5969227562348048,0.10309060000388873,30,0.19757702129052343,0.13333409330702806,29,0.40610727149452924,0.1274900046245139,29,0.1696496387052645,0.11437344179070431,30,0.30339678289573446,0.1771737640563036,30,0.36709279305641,0.194306823722813,30,0.30987807338436446,0.23927891058238054,30,ok,within_chunk
scene0710_00,original,1536,0,30,30,0.9697908937931061,0.009034466406863003,30,0.9379680427246362,0.013152333381999955,29,0.0328759814896151,0.011583190809590417,29,0.1603522161631173,0.10970356865804148,30,0.28730693706814103,0.174560442428114,30,0.3653748503407923,0.16838576116897294,30,0.2870835416018963,0.19605695886524388,30,ok,within_chunk
scene0710_00,pca,128,0,30,30,0.6271373510360718,0.10816873887853512,30,0.20200665884210087,0.14521183761180703,29,0.43196854279753494,0.13608921905528376,29,0.1561530261244141,0.10897881268348461,30,0.2796804415334672,0.1648237986246448,30,0.3814154610590764,0.1894406626908943,30,0.31541918193300567,0.22430977558150378,30,ok,within_chunk
scene0710_00,pca,256,0,30,30,0.6124124705791474,0.10599404726061681,30,0.19902504862241985,0.13992433234148924,29,0.42020287046285254,0.13209423341070106,29,0.16334203628104457,0.11340699225738217,30,0.29289949592699543,0.1731544001592609,30,0.3731537591793844,0.19198664676237256,30,0.30477897400657333,0.22566997131498368,30,ok,within_chunk
scene0710_00,pca,384,0,30,30,0.6064453581968944,0.10497091903774698,30,0.1978583943017968,0.13769791237738896,29,0.4153727179152842,0.13042065123004914,29,0.16382892445776287,0.11458413954283658,30,0.2960647708806368,0.1738225913538336,30,0.3708213504911704,0.19129375974687204,30,0.30276823540528613,0.22594229024271886,30,ok,within_chunk
scene0710_00,pca,512,0,30,30,0.6030767172574997,0.10438918937095416,30,0.1973659169950291,0.1363201262736734,29,0.41248059993479474,0.12951675825525885,29,0.1655349749475729,0.11362618118341943,30,0.2982774237635311,0.1753208680237739,30,0.37008733797748855,0.19374572943499846,30,0.30748857110738753,0.23354478507957355,30,ok,within_chunk
scene0710_00,pca,768,0,30,30,0.5996342251698176,0.10366276596958843,30,0.19728642557074877,0.13473990293791904,29,0.40911472194280535,0.1284270346553862,29,0.16780415099353677,0.1142883854769586,30,0.3010676908906328,0.17666875736018514,30,0.36800855830110085,0.19413841140677235,30,0.31144913161794346,0.23945137815439108,30,ok,within_chunk
scene0710_00,pca,1024,0,30,30,0.5980501770973206,0.10334169026721103,30,0.19742932241980934,0.133930823947597,29,0.4073856694489661,0.12787743691700543,29,0.16801545795616377,0.11447202758874409,30,0.3014202784399603,0.17727657038787817,30,0.36827875413218114,0.19445482159663174,30,0.31121575956543285,0.2396380418903255,30,ok,within_chunk
scene0710_00,random,128,42,30,30,0.8795814931392669,0.033223739898165676,30,0.7515593142579253,0.04592412551314578,29,0.1311347595342361,0.04406303342391232,29,0.14751767617629452,0.09226068454661092,30,0.2717727030253514,0.15911105877630521,30,0.37974088153772345,0.1691379041855235,30,0.3183440834283829,0.20913309698988666,30,ok,within_chunk
scene0710_00,random,128,43,30,30,0.8910723388195038,0.03309909974488349,30,0.8058318307656769,0.03889594733983684,29,0.08958197287751707,0.0312756870407309,29,0.1524079263406165,0.10593534336627401,30,0.2585518722295644,0.15794946954822497,30,0.3867150309079053,0.16113885198245292,30,0.3215550906956196,0.1919089258847699,30,ok,within_chunk
scene0710_00,random,128,44,30,30,0.8910584549109141,0.033955939256053135,30,0.712321166499965,0.09025977444070965,29,0.1816166658226489,0.08431151417491775,29,0.12462427213787568,0.07783036787470625,30,0.2394378290910851,0.14075418750950877,30,0.378447508796914,0.15258672100133838,30,0.32378812531630197,0.17103491185351374,30,ok,within_chunk
scene0710_00,random,128,45,30,30,0.8912017186482747,0.029057580230890532,30,0.7594547394938074,0.04945914680977607,29,0.13489295286427533,0.04685408965522002,29,0.12476585472402002,0.08233407006550497,30,0.23560441282782962,0.14316734049937144,30,0.40410947945315495,0.15928801085996935,30,0.35460752844810484,0.1833575576199612,30,ok,within_chunk
scene0710_00,random,128,46,30,30,0.8532441953818003,0.035375073408740056,30,0.7422945716322564,0.03718972415683439,29,0.11385481202776421,0.03416168241774302,29,0.14706910635424716,0.09282483625859568,30,0.27205479653031434,0.14452712994043898,30,0.37563060086466593,0.16031082139369773,30,0.30958164284626644,0.18084045656828585,30,ok,within_chunk
scene0710_00,random,256,42,30,30,0.8706674456596375,0.03849257558415842,30,0.7358328100056174,0.042527051099502396,29,0.1385069472888731,0.04490214728992109,29,0.16619308613219122,0.12224869741951826,30,0.28693938255875057,0.18423062273956836,30,0.3698391495659092,0.18997917201327952,30,0.30501765410105386,0.2300039801786167,30,ok,within_chunk
scene0710_00,random,256,43,30,30,0.8987026790777842,0.031555680626919075,30,0.7948391925671645,0.03787945597034626,29,0.10728014594525627,0.03457643172596376,29,0.14534750816133785,0.09958104791557283,30,0.24899077817921944,0.1599251670721733,30,0.3859054252464169,0.16557243945708172,30,0.3217906820277373,0.18860265124466716,30,ok,within_chunk
scene0710_00,random,256,44,30,30,0.8789908627669016,0.03458290876016883,30,0.7332852484217397,0.0694480538689805,29,0.14862618760986485,0.06333573699556838,29,0.1425272432086767,0.0978096155333069,30,0.2607325712574875,0.1497945749681326,30,0.3760253994894104,0.16427905359287437,30,0.3104294997950395,0.1821380405862705,30,ok,within_chunk
scene0710_00,random,256,45,30,30,0.8673117836316426,0.043186198852332644,30,0.7239809727192914,0.055626494383130644,29,0.14852765589572606,0.05152808668929744,29,0.12559714038871653,0.09240134745858693,30,0.23911721858676677,0.16123887744970705,30,0.39873038558441026,0.17248924643355432,30,0.3363012159864108,0.19889100708167687,30,ok,within_chunk
scene0710_00,random,256,46,30,30,0.8639886299769084,0.04131413798415193,30,0.7331653012572868,0.0444179166284925,29,0.13601657837822795,0.04121589910264444,29,0.1612715045434126,0.10270516038106584,30,0.2841651002858319,0.17316973904590763,30,0.3819916486874642,0.2018546897470421,30,0.30723257015148797,0.22408653785872631,30,ok,within_chunk
scene0710_00,random,384,42,30,30,0.8798415799935658,0.03394769515925779,30,0.7653340317267829,0.03847177755342208,29,0.1180231540151678,0.03821558123626619,29,0.16959518097108678,0.12867056883913144,30,0.29379351269239967,0.18573614766642318,30,0.36868346877660685,0.19034546232904967,30,0.29943477536241214,0.22003578190213546,30,ok,within_chunk
scene0710_00,random,384,43,30,30,0.8794840335845947,0.041522694873315356,30,0.7540649237050157,0.04549142512979761,29,0.13066796395767463,0.04293118450233698,29,0.14003021518356115,0.09702267895414589,30,0.2600629336065651,0.15694117217349163,30,0.3885927749706496,0.17373122616015252,30,0.3269788195689519,0.2019824348165308,30,ok,within_chunk
scene0710_00,random,384,44,30,30,0.9892806112766266,0.003588030710182614,30,0.975559685408211,0.006484945297317622,29,0.014192173549671483,0.005818691233775794,29,0.1426826118495033,0.10570145545200865,30,0.25376855675690857,0.1627209155467101,30,0.37951116228331877,0.1528501814343654,30,0.3018340103328228,0.1785576787808687,30,ok,within_chunk
scene0710_00,random,384,45,30,30,0.9895073970158895,0.0038455061714912004,30,0.9774010822739922,0.006093414412984543,29,0.012648460777891701,0.005368912792048979,29,0.133545709249492,0.09464121643837523,30,0.2502831612084119,0.16701257517710896,30,0.39319170084194266,0.16336426074153446,30,0.32969131842255595,0.18665546857244789,30,ok,within_chunk
scene0710_00,random,384,46,30,30,0.8608595291773479,0.03978576302021893,30,0.7164220449471421,0.05751295638280454,29,0.14878331286751525,0.05288074745926661,29,0.1653376088059817,0.1032380242399982,30,0.3034016362130087,0.16840732444836592,30,0.35262617040611555,0.1684133409237153,30,0.2820913520952066,0.19908073778658136,30,ok,within_chunk
scene0710_00,random,512,42,30,30,0.8732828656832378,0.037059464701094766,30,0.760748482865632,0.037471564306014844,29,0.11677909114738735,0.03722222178385644,29,0.16599297729308618,0.11960646941661532,30,0.2953884231107221,0.18395041862626046,30,0.36126816865464684,0.17903043256586643,30,0.29916995341579117,0.21451397996281288,30,ok,within_chunk
scene0710_00,random,512,43,30,30,0.8773530463377635,0.0408873694085091,30,0.748293325478027,0.04732537368428814,29,0.1340497632803761,0.04405278435669331,29,0.14825908736982843,0.10262947062523875,30,0.2691280539196778,0.16106153127606848,30,0.3721448259203773,0.1662341338364704,30,0.3065759321053823,0.19696485021957982,30,ok,within_chunk
scene0710_00,random,512,44,30,30,0.9873836576938629,0.004077466807926176,30,0.972323489797053,0.006840011918897881,29,0.015599807591747417,0.00610824815803754,29,0.14557802536261233,0.10068218828765325,30,0.2704754499043605,0.1681806055124844,30,0.3708704309401108,0.1523712279199887,30,0.29564298763871194,0.1858690324726709,30,ok,within_chunk
scene0710_00,random,512,45,30,30,0.9873634974161783,0.004342661076114497,30,0.9736257885089322,0.006745394162901089,29,0.014321247971149137,0.005905665714802139,29,0.14826100560656222,0.11196515639275666,30,0.26644043956223995,0.17335573470293048,30,0.37945703225648847,0.16013683805882675,30,0.3095815507074197,0.18969581610779365,30,ok,within_chunk
scene0710_00,random,512,46,30,30,0.8557532509167989,0.04207177819032486,30,0.7068525514453,0.053609074031099706,29,0.15350406717284273,0.05105545695841408,29,0.16167495275499225,0.10247509388919299,30,0.2918055793859359,0.1673627427297765,30,0.3555901904499685,0.160359024991313,30,0.27680209701259934,0.19075152916426272,30,ok,within_chunk
scene0710_00,random,768,42,30,30,0.8688326418399811,0.03528900194747461,30,0.7475638003940427,0.045296346840141756,29,0.12478183007084012,0.04333182163049719,29,0.18022624026017223,0.12770614199473648,30,0.31550545183429307,0.18759078228068748,30,0.3514061967347518,0.1771817350364167,30,0.27848005418976146,0.21100412372869,30,ok,within_chunk
scene0710_00,random,768,43,30,30,0.8709169864654541,0.03900898427294822,30,0.7311497089473877,0.05166320968709913,29,0.14414239491866318,0.04727502979672759,29,0.15175717266614033,0.10366549345849785,30,0.2739351694711093,0.1600116350267853,30,0.3588783146081023,0.14880493702322803,30,0.2902956830958525,0.18666607553991563,30,ok,within_chunk
scene0710_00,random,768,44,30,30,0.9814256230990092,0.006150050761440165,30,0.9603263858906258,0.009079551904474459,29,0.02189016138478565,0.008077666587663686,29,0.1430739753652583,0.10055145698754205,30,0.26203828954621095,0.16849481490755053,30,0.38213212065272617,0.15649571568091114,30,0.30610265508294104,0.18787163777377625,30,ok,within_chunk
scene0710_00,random,768,45,30,30,0.982128385702769,0.006178200616972471,30,0.9622908933534802,0.008885355357549517,29,0.020653239599374425,0.007720872684367845,29,0.1539737671283624,0.10738009178413407,30,0.28434422427766043,0.1741000523316752,30,0.3744308078825865,0.17136704214025175,30,0.3049468417962392,0.19671822736230135,30,ok,within_chunk
scene0710_00,random,768,46,30,30,0.9831757982571919,0.004962840045455715,30,0.9663150676866965,0.007310078757574813,29,0.01742202079625892,0.006301986071574104,29,0.1643649414164364,0.10383468844800178,30,0.28718108724740204,0.16836187589320062,30,0.36612009031409987,0.16681857823183008,30,0.2873393880824248,0.1957068205777405,30,ok,within_chunk
scene0710_00,random,1024,42,30,30,0.8691259761651356,0.0365420274463615,30,0.7410308402363799,0.047322681171582295,29,0.1321158191049719,0.04440837351535833,29,0.1768503956748207,0.11835070382699474,30,0.3128829782698457,0.18296355918533708,30,0.35065047603075333,0.17562911767651054,30,0.2818375125527382,0.20682336072807203,30,ok,within_chunk
scene0710_00,random,1024,43,30,30,0.8615081508954366,0.0424426378818264,30,0.7143771340328879,0.05550164227088836,29,0.15214680595482083,0.05179893516912968,29,0.1568086407287335,0.11022222697811983,30,0.27505221299516985,0.1603511886038397,30,0.37086099410606926,0.16754180233827562,30,0.299419574936231,0.20117133661408967,30,ok,within_chunk
scene0710_00,random,1024,44,30,30,0.9777357637882232,0.007110883619656167,30,0.9538922601014124,0.010156202379002987,29,0.02474292565000932,0.008910844083255293,29,0.15395181537705332,0.10455007205479322,30,0.27386030601080746,0.1703325965430992,30,0.36850040146366136,0.15476878122744286,30,0.29642591029405596,0.1870839220341788,30,ok,within_chunk
scene0710_00,random,1024,45,30,30,0.9777873754501343,0.007225495503410485,30,0.9540821341887108,0.010039191726741335,29,0.024623115794978265,0.00876826105498141,29,0.1625847043829031,0.11615332822708517,30,0.2897787942838248,0.17960230733983845,30,0.369736850893622,0.17501625666621168,30,0.2997995808720589,0.2088275939345587,30,ok,within_chunk
scene0710_00,random,1024,46,30,30,0.9783531546592712,0.00646434323220067,30,0.9560582173186961,0.009640346153829417,29,0.023047582043881017,0.00839172282790737,29,0.1617804122295787,0.10934381165674391,30,0.2842365565910982,0.17528296900785514,30,0.36523494925862005,0.16847966087425909,30,0.29274496957659724,0.19875501758273884,30,ok,within_chunk
scene0711_00,ablation_iterative,128,0,30,19,0.7858801515478837,0.03882424054872242,19,0.6689270985798422,0.06723811823018369,19,0.11695305296804143,0.07016125936765809,19,0.10382948733896476,0.09094942827006453,19,0.19210554826972134,0.15315664594202957,19,0.4690787755457032,0.18775084709291104,19,0.42673038416787196,0.23586161771340633,19,ok,within_chunk
scene0711_00,ablation_iterative,256,0,30,19,0.8251144917387712,0.033041103296731864,19,0.7118050055000719,0.08769249015500526,19,0.11330948623869928,0.07963552797241784,19,0.09535331183302523,0.0877052786579058,19,0.1834420263943874,0.15669505071169193,19,0.46586732288959426,0.1405867721423846,19,0.3982359449330129,0.1941645889485692,19,ok,within_chunk
scene0711_00,ablation_iterative,384,0,30,19,0.822344654484799,0.03517106404522271,19,0.7166868217358071,0.08000386692302384,19,0.10565783274899188,0.07189998848373104,19,0.10277699879119263,0.08688552266231532,19,0.1883113698563943,0.15289641179517013,19,0.47056865675813747,0.1535963851476658,19,0.39274859506832926,0.20422616121709525,19,ok,within_chunk
scene0711_00,ablation_iterative,512,0,30,19,0.8425413526986775,0.03505356951222117,19,0.7337563856810352,0.0836152972187424,19,0.1087849670176424,0.08142103578914424,19,0.09323488001228579,0.08556352918475486,19,0.1804308537297418,0.1607007779105529,19,0.4719222189502186,0.16109155841023026,19,0.4119226465884008,0.21691818528657053,19,ok,within_chunk
scene0711_00,ablation_iterative,768,0,30,19,0.8736118078231812,0.02859099923823308,19,0.7945405064959848,0.060612402313371755,19,0.07907130132719625,0.05841051579795738,19,0.09220745423293943,0.08012067660096825,19,0.18218637141320637,0.15618380672351828,19,0.4811491212580861,0.16940170891256745,19,0.4199581365836294,0.23461674753618406,19,ok,within_chunk
scene0711_00,ablation_iterative,1024,0,30,19,0.8800290697499326,0.030901249885032747,19,0.8118171732009096,0.058202369557271885,19,0.0682118965490229,0.05107980464003591,19,0.08768517608430917,0.07737621646667461,19,0.16613895620835462,0.14397330127826125,19,0.4962589596553796,0.18288903561932823,19,0.4360598357100236,0.237039558972958,19,ok,within_chunk
scene0711_00,ablation_once,128,0,30,19,0.8984874769261009,0.03317906956405652,19,0.8209134497510654,0.07303858339022518,19,0.07757402717503549,0.06778099337099242,19,0.07543779376300777,0.06304056845859189,19,0.1423148306752723,0.11539485070929997,19,0.4990484312721446,0.15170670986503657,19,0.45183400417629044,0.203338973183091,19,ok,within_chunk
scene0711_00,ablation_once,256,0,30,19,0.8871721907665855,0.03190808462002981,19,0.8078251188894048,0.07303457366124712,19,0.0793470718771807,0.0662159211932434,19,0.07201735949548484,0.06958556380393167,19,0.1449148131257071,0.12567483666106866,19,0.4967172363062025,0.15744498035547375,19,0.4615516693968522,0.23554845882940834,19,ok,within_chunk
scene0711_00,ablation_once,384,0,30,19,0.8793611212780601,0.03083452322145164,19,0.8022320893903258,0.06867663592371799,19,0.07712903188773436,0.06173092922949893,19,0.0783938075150774,0.07589405347632362,19,0.15619391074914105,0.13549101317801632,19,0.49278532147895515,0.17293086430684743,19,0.4340605022091615,0.22647300194357425,19,ok,within_chunk
scene0711_00,ablation_once,512,0,30,19,0.8792445691008317,0.029571794475471157,19,0.803203139886542,0.06518439032259442,19,0.07604142921428973,0.05862385352942274,19,0.08299321489531324,0.07934012075133184,19,0.16048659189812373,0.13755309420453574,19,0.49545676015685847,0.18094079195782917,19,0.4471965988999919,0.23472393072282863,19,ok,within_chunk
scene0711_00,ablation_once,768,0,30,19,0.8791744238451907,0.030445838688409197,19,0.8080474454778352,0.06153084726739163,19,0.07112697836735556,0.05431309426141048,19,0.0928891417761531,0.08142023125102678,19,0.17131121882586584,0.14177889529141516,19,0.4900335565654533,0.18598150356080068,19,0.42671494264351695,0.2272495182101543,19,ok,within_chunk
scene0711_00,ablation_once,1024,0,30,19,0.8800290697499326,0.030901249885032747,19,0.8118171732009096,0.058202369557271885,19,0.0682118965490229,0.05107980464003591,19,0.08768517608430917,0.07737621646667461,19,0.16613895620835462,0.14397330127826125,19,0.4962589596553796,0.18288903561932823,19,0.4360598357100236,0.237039558972958,19,ok,within_chunk
scene0711_00,centered_full,1536,0,30,19,0.5670875389324991,0.09545235236354835,19,0.30091674209199537,0.17908766679080906,19,0.2661707968405038,0.18690257893192577,19,0.07950345298461321,0.06610791054089626,19,0.14796160710722708,0.09993766181563965,19,0.512131720122532,0.14043124875693289,19,0.4848452006515704,0.20986368802219849,19,ok,within_chunk
scene0711_00,original,1536,0,30,19,0.9676980219389263,0.01301594592867241,19,0.9433964779440484,0.024587444351549477,19,0.02430154399487804,0.022046290487139047,19,0.0693132619975287,0.06076261666714558,19,0.13209576368555073,0.11096617486605262,19,0.529281397756438,0.175084557460171,19,0.47190010782919434,0.2167851099456248,19,ok,within_chunk
scene0711_00,pca,128,0,30,19,0.5940270329776564,0.09881892908848432,19,0.31343523539936013,0.19521681926130885,19,0.28059179757829616,0.19901747110584822,19,0.07221078385727472,0.06094076256724446,19,0.13386104373838922,0.09485675268602149,19,0.5238883252828229,0.13696705827683905,19,0.4987417741825706,0.20530527934332038,19,ok,within_chunk
scene0711_00,pca,256,0,30,19,0.5801847090846614,0.09833029617191513,19,0.30563037005193455,0.18877055215878896,19,0.27455433903272686,0.19385800182623988,19,0.0763179082679807,0.06381883027278079,19,0.1408781200120786,0.09928350764572988,19,0.5192443647127769,0.13723506881695993,19,0.48886165885548843,0.20506020841610692,19,ok,within_chunk
scene0711_00,pca,384,0,30,19,0.5743470725260282,0.09789758780771136,19,0.3026531792458976,0.1854145157686225,19,0.2716938932801307,0.1914842505968599,19,0.07757685595211117,0.06343753582953982,19,0.14388562357636053,0.09793770534638253,19,0.5162099761048848,0.13767615061588534,19,0.4859728099484193,0.2044057884613235,19,ok,within_chunk
scene0711_00,pca,512,0,30,19,0.5717171163935411,0.09719614876371477,19,0.301884972335873,0.18337593875200353,19,0.269832144057668,0.19010914691147784,19,0.07847174091310652,0.06465010346922496,19,0.1451613386614466,0.09787841451774143,19,0.5145636303111855,0.13652379111995216,19,0.48456629091187525,0.20446312794306964,19,ok,within_chunk
scene0711_00,pca,768,0,30,19,0.5691110460381759,0.09636277326445401,19,0.3011200919969813,0.18115573215109984,19,0.26799095404119455,0.1883689547781304,19,0.07943648255923141,0.06614183551946892,19,0.14638108560532076,0.09895435792937658,19,0.5133687456871404,0.13848521691764543,19,0.48513239857397583,0.20640147660256575,19,ok,within_chunk
scene0711_00,pca,1024,0,30,19,0.5678789788170865,0.09587544044841755,19,0.3009276369329575,0.18004609563993373,19,0.26695134188412895,0.187567968010976,19,0.07936662587410188,0.06596542315153059,19,0.14770734827173254,0.09963117483532992,19,0.5122324718893997,0.1399310714786453,19,0.4840376871196847,0.20775412798844678,19,ok,within_chunk
scene0711_00,random,128,42,30,19,0.8686696385082445,0.050861048732229616,19,0.7642698003021074,0.09302141933639269,19,0.10439983820613703,0.09048367870649092,19,0.06765934362634585,0.05719862680939244,19,0.1281560336413234,0.10655223466846728,19,0.531522385249213,0.17132779459457823,19,0.47297261576903493,0.2138614066435988,19,ok,within_chunk
scene0711_00,random,128,43,30,19,0.8845719506866053,0.03375828413396409,19,0.8248637509617134,0.05086265245921244,19,0.05970819972489197,0.04513491849508682,19,0.07009056948574635,0.058246157061965766,19,0.13813146989401914,0.11945790647197843,19,0.5389274142996298,0.1904001669282531,19,0.47959386910262863,0.24449180873122595,19,ok,within_chunk
scene0711_00,random,128,44,30,19,0.8694145177540026,0.06074459353726696,19,0.7702365119568065,0.1037576382133022,19,0.09917800579719617,0.09220428126298302,19,0.05297789792832883,0.045799770838655086,19,0.10187696528446355,0.07303925383138864,19,0.5452578718951022,0.16976457614570065,19,0.5000357353373578,0.20296398587351375,19,ok,within_chunk
scene0711_00,random,128,45,30,19,0.8767278570877878,0.037897108571451205,19,0.7740973414536632,0.0884820428620237,19,0.1026305156341248,0.09411871709589875,19,0.0500847378367863,0.0461311430664998,19,0.10090589168052093,0.08739511753349931,19,0.5529797382670707,0.14286234536174078,19,0.506039181037953,0.1951540344854822,19,ok,within_chunk
scene0711_00,random,128,46,30,19,0.858515623368715,0.0402149195027669,19,0.7921855855840017,0.06199144721816226,19,0.06633003778471348,0.046362932927793636,19,0.06922563103135707,0.05995937804691294,19,0.13148194927315587,0.11998178663181455,19,0.5098749744943059,0.17498975091397853,19,0.4455922465575369,0.1825094807330609,19,ok,within_chunk
scene0711_00,random,256,42,30,19,0.8668960238757887,0.049790491189674754,19,0.7554197363145256,0.10070959187180652,19,0.111476287561263,0.09611296346601461,19,0.0849016485972641,0.060826197428131556,19,0.1440542619023979,0.11339246641209179,19,0.5091186803893253,0.1673861011021708,19,0.4583674857490941,0.21049058570534643,19,ok,within_chunk
scene0711_00,random,256,43,30,19,0.886848575190494,0.03361100503401139,19,0.805001187715858,0.07847613492536532,19,0.08184738747463598,0.07792042481562293,19,0.07302885361124498,0.06591834616063937,19,0.12450226610552584,0.10372244079676589,19,0.5209241452619964,0.162633651843401,19,0.4497889162678468,0.19686893638148836,19,ok,within_chunk
scene0711_00,random,256,44,30,19,0.8583470363365976,0.046158300623531136,19,0.7732694124561479,0.08559936705388045,19,0.08507762388044977,0.07697795659932846,19,0.06419801534413237,0.05229328728112259,19,0.1203770376140903,0.09658639639324564,19,0.525723795447247,0.1635837239974798,19,0.4780757795823248,0.20510249270634362,19,ok,within_chunk
scene0711_00,random,256,45,30,19,0.8579502137083757,0.0535605172443358,19,0.7445161370445574,0.10994728388318409,19,0.11343407666381825,0.10414702517351543,19,0.05012950299169792,0.048320946659311324,19,0.10501059987692007,0.08449487250966632,19,0.5395698244607602,0.1612886743133905,19,0.4877645577255048,0.20455562110424477,19,ok,within_chunk
scene0711_00,random,256,46,30,19,0.8638114207669308,0.04269870746302001,19,0.7654710996918412,0.08807805869837097,19,0.0983403210750897,0.08509366046373595,19,0.08410989002955045,0.07535546876158455,19,0.15436743621771015,0.12328846727517316,19,0.5120645958351019,0.17563134100244188,19,0.4512932661332582,0.21928570929705948,19,ok,within_chunk
scene0711_00,random,384,42,30,19,0.8744261139317563,0.04387782369005612,19,0.784842815450833,0.0822523136086067,19,0.08958329848092328,0.07532401179955112,19,0.0766868316288203,0.06340547933661812,19,0.1424258545418183,0.1232691173174076,19,0.5001966617583117,0.17278898908019194,19,0.42091887405044154,0.2179888018750195,19,ok,within_chunk
scene0711_00,random,384,43,30,19,0.8717346567856638,0.04162050431543694,19,0.7651529159388248,0.09948525747744864,19,0.10658174084683883,0.09884455326563009,19,0.06559661720866138,0.06383158038260534,19,0.12263711828985818,0.10749509442668016,19,0.5229020036943798,0.17085255236662325,19,0.45227569184805216,0.20897124499045802,19,ok,within_chunk
scene0711_00,random,384,44,30,19,0.9881429923208136,0.005863456023236755,19,0.9786053531513266,0.011012954326349838,19,0.009537639169486975,0.009897243035824026,19,0.06115629931693519,0.049167182761331356,19,0.11936855677901251,0.08878310105243926,19,0.5363874796528584,0.16755973748683392,19,0.48448333693178075,0.19034480419563563,19,ok,within_chunk
scene0711_00,random,384,45,30,19,0.9891259921224493,0.005255472061885384,19,0.9805291001844664,0.009424200521050259,19,0.00859689193798293,0.008385632644623268,19,0.05813594229334804,0.05366077525566729,19,0.11631095242156646,0.08591977691093129,19,0.5348459166226207,0.16399484256407013,19,0.4848804309179908,0.20271573389917305,19,ok,within_chunk
scene0711_00,random,384,46,30,19,0.8538518673495242,0.04291578269194582,19,0.7558487006748876,0.08521721429919052,19,0.09800316667463671,0.07910785038121211,19,0.07553874404581358,0.067684056601298,19,0.14375839919477423,0.12817119321458212,19,0.5228406655075949,0.17958206008774869,19,0.46958822639364944,0.24104552789356185,19,ok,within_chunk
scene0711_00,random,512,42,30,19,0.8672616419039274,0.04777765156664189,19,0.7804419293620682,0.08283619451191958,19,0.08681971254185926,0.07218941156880905,19,0.08254427022242854,0.07156931382092677,19,0.1475092318559272,0.12715964645508931,19,0.5071331154556862,0.1746464156863836,19,0.4411158232312453,0.23651496947711587,19,ok,within_chunk
scene0711_00,random,512,43,30,19,0.8688762595779017,0.04437621494207608,19,0.7600782796686142,0.10096789786997652,19,0.10879797990928755,0.0998657370113241,19,0.06602196735150827,0.06000352327896091,19,0.12730901566590444,0.11097064736547003,19,0.5198209188619086,0.1700756774599332,19,0.458396987695443,0.21491036872803998,19,ok,within_chunk
scene0711_00,random,512,44,30,19,0.9863512766988654,0.006189156361157845,19,0.9758154573983008,0.011686025675385937,19,0.010535819300564664,0.0104995259583587,19,0.06831885807271182,0.053597513916022674,19,0.12647744164396504,0.08892026444110321,19,0.5249771430744389,0.16886681349089988,19,0.4815894137871893,0.19937729117139807,19,ok,within_chunk
scene0711_00,random,512,45,30,19,0.9869353896693179,0.005895004030099195,19,0.9773028454487522,0.010413219287392132,19,0.009632544220566025,0.009113470113721761,19,0.06689781211665441,0.05420450527318093,19,0.12876189395109908,0.09537590229418139,19,0.5265658108622148,0.17447014579653466,19,0.47718900128414754,0.21758406909318015,19,ok,within_chunk
scene0711_00,random,512,46,30,19,0.8483145331081591,0.03805923086454049,19,0.7406592815472146,0.08771684479038958,19,0.10765525156094435,0.08507270515137817,19,0.07160269284976341,0.06356031428069084,19,0.14002579243628765,0.11980048351793081,19,0.5352100577459853,0.17214755681211544,19,0.47499767965392065,0.22133946952780956,19,ok,within_chunk
scene0711_00,random,768,42,30,19,0.8619134708454734,0.042104139569631306,19,0.7781132855143109,0.07598787840716939,19,0.08380018533116254,0.0663694782415408,19,0.08511171878413627,0.07117425158874992,19,0.15628690435822667,0.12546784002686992,19,0.5030777097554148,0.17463258263328335,19,0.4529489145467156,0.22362648497831125,19,ok,within_chunk
scene0711_00,random,768,43,30,19,0.8612722597624126,0.04473676137576462,19,0.7514160170457556,0.10165238424982875,19,0.10985624271665713,0.0963237911945551,19,0.060659713365864974,0.05492342319989559,19,0.11610723229787938,0.09899885888047992,19,0.5319294754381174,0.17316075473819004,19,0.4731768495158145,0.21637116374631535,19,ok,within_chunk
scene0711_00,random,768,44,30,19,0.9797742555015966,0.010470525390064229,19,0.9631956293763421,0.018309860010426903,19,0.016578626125254473,0.016587590419938895,19,0.07245260531688437,0.058880048902986544,19,0.13006626315367906,0.09407275918409533,19,0.5307578777869866,0.1734850775295398,19,0.4631251081040031,0.20940239260738322,19,ok,within_chunk
scene0711_00,random,768,45,30,19,0.9810446155698676,0.009582140670122289,19,0.9658263454772333,0.016394240920900954,19,0.0152182700926341,0.014720247094071623,19,0.07297357184692166,0.06388095352600937,19,0.13594288141740124,0.10919429833031626,19,0.5196326380366086,0.1769751311346719,19,0.4595593904194079,0.2132184046839638,19,ok,within_chunk
scene0711_00,random,768,46,30,19,0.9822180647599069,0.006447373868922463,19,0.9703364224195125,0.012008818321646962,19,0.011881642340394618,0.010124991650214901,19,0.06810933409786235,0.061740995305204556,19,0.12472120333438456,0.11165172859620437,19,0.5366450790644551,0.18035072997679902,19,0.47437241830323873,0.22316067017792657,19,ok,within_chunk
scene0711_00,random,1024,42,30,19,0.8652728482296592,0.0385393750562184,19,0.7747179613870719,0.0784555762326747,19,0.09055488684258728,0.07243018537449537,19,0.08251174847896905,0.06702974582861261,19,0.1482222371012083,0.12464647257042284,19,0.5170960954275595,0.1825558089094384,19,0.46394672205573634,0.22969873957971665,19,ok,within_chunk
scene0711_00,random,1024,43,30,19,0.8535338765696475,0.04620317870134234,19,0.7423368486311799,0.09904505564682306,19,0.11119702793846771,0.09495151892731321,19,0.06685120255279937,0.058560913551809826,19,0.1291532783452424,0.11393648258589655,19,0.5316094653348132,0.17263842984047614,19,0.46657872356866537,0.22033448922333557,19,ok,within_chunk
scene0711_00,random,1024,44,30,19,0.9760279906423468,0.011550193470994338,19,0.9577439270095648,0.019738632502545626,19,0.018284063632782028,0.01766840546452962,19,0.07644123843394031,0.0655384267856482,19,0.13355653729691472,0.10289661662496077,19,0.5242931565520428,0.17687328092239657,19,0.4615518552692313,0.21298217449621137,19,ok,within_chunk
scene0711_00,random,1024,45,30,19,0.9763947662554289,0.010218191641504388,19,0.9580403959478216,0.018494675939919606,19,0.018354370307607292,0.016800233052081504,19,0.0721407191102145,0.06028801854603001,19,0.13696397500646615,0.10837070195332178,19,0.5259379661045006,0.17810506582120011,19,0.46093559343563884,0.21505815777033419,19,ok,within_chunk
scene0711_00,random,1024,46,30,19,0.9771974024019743,0.008722043291876902,19,0.9611455223781713,0.01616770679546543,19,0.016051880023803148,0.013943229460383419,19,0.06721446618714011,0.06002830365006295,19,0.12704400600163515,0.10950560380424912,19,0.5290984765799555,0.1766895908654391,19,0.47490013194711583,0.21874022784649258,19,ok,within_chunk
